asof,cloud,region,zone,sku,chip,vram_gb,price_type,usd_per_hour,term_hours,payment,source
2026-09-17T21:00:10+00:00,aws,us-west-2,us-west-2c,g5.12xlarge,a10g,24,spot,3.6825,,,ec2:describe-spot-price-history
2026-09-17T21:00:10+00:00,aws,us-west-2,us-west-2a,g5.12xlarge,a10g,24,spot,4.6668,,,ec2:describe-spot-price-history
2026-09-17T21:00:10+00:00,aws,us-west-2,us-west-2b,g5.12xlarge,a10g,24,spot,4.2755,,,ec2:describe-spot-price-history
2026-09-17T21:00:10+00:00,aws,us-west-2,us-west-2b,g5.16xlarge,a10g,24,spot,1.3206,,,ec2:describe-spot-price-history
2026-09-17T21:00:10+00:00,aws,us-west-2,us-west-2c,g5.16xlarge,a10g,24,spot,1.307,,,ec2:describe-spot-price-history
2026-09-17T21:00:10+00:00,aws,us-west-2,us-west-2a,g5.16xlarge,a10g,24,spot,1.3247,,,ec2:describe-spot-price-history
2026-09-17T21:00:10+00:00,aws,us-west-2,us-west-2c,g5.24xlarge,a10g,24,spot,3.4294,,,ec2:describe-spot-price-history
2026-09-17T21:00:10+00:00,aws,us-west-2,us-west-2b,g5.24xlarge,a10g,24,spot,2.384,,,ec2:describe-spot-price-history
2026-09-17T21:00:10+00:00,aws,us-west-2,us-west-2a,g5.24xlarge,a10g,24,spot,2.8597,,,ec2:describe-spot-price-history
2026-09-17T21:00:10+00:00,aws,us-west-2,us-west-2c,g5.2xlarge,a10g,24,spot,0.6135,,,ec2:describe-spot-price-history
2026-09-17T21:00:10+00:00,aws,us-west-2,us-west-2b,g5.2xlarge,a10g,24,spot,0.6257,,,ec2:describe-spot-price-history
2026-09-17T21:00:10+00:00,aws,us-west-2,us-west-2a,g5.2xlarge,a10g,24,spot,0.5593,,,ec2:describe-spot-price-history
2026-09-17T21:00:10+00:00,aws,us-west-2,us-west-2c,g5.48xlarge,a10g,24,spot,6.7195,,,ec2:describe-spot-price-history
2026-09-17T21:00:10+00:00,aws,us-west-2,us-west-2b,g5.48xlarge,a10g,24,spot,12.4942,,,ec2:describe-spot-price-history
2026-09-17T21:00:10+00:00,aws,us-west-2,us-west-2a,g5.48xlarge,a10g,24,spot,7.3335,,,ec2:describe-spot-price-history
2026-09-17T21:00:10+00:00,aws,us-west-2,us-west-2b,g5.4xlarge,a10g,24,spot,0.6977,,,ec2:describe-spot-price-history
2026-09-17T21:00:10+00:00,aws,us-west-2,us-west-2c,g5.4xlarge,a10g,24,spot,0.7495,,,ec2:describe-spot-price-history
2026-09-17T21:00:10+00:00,aws,us-west-2,us-west-2a,g5.4xlarge,a10g,24,spot,0.7068,,,ec2:describe-spot-price-history
2026-09-17T21:00:10+00:00,aws,us-west-2,us-west-2c,g5.8xlarge,a10g,24,spot,0.8851,,,ec2:describe-spot-price-history
2026-09-17T21:00:10+00:00,aws,us-west-2,us-west-2b,g5.8xlarge,a10g,24,spot,0.9887,,,ec2:describe-spot-price-history
2026-09-17T21:00:10+00:00,aws,us-west-2,us-west-2a,g5.8xlarge,a10g,24,spot,0.8707,,,ec2:describe-spot-price-history
2026-09-17T21:00:10+00:00,aws,us-west-2,us-west-2a,g5.xlarge,a10g,24,spot,0.5313,,,ec2:describe-spot-price-history
2026-09-17T21:00:10+00:00,aws,us-west-2,us-west-2c,g5.xlarge,a10g,24,spot,0.5349,,,ec2:describe-spot-price-history
2026-09-17T21:00:10+00:00,aws,us-west-2,us-west-2b,g5.xlarge,a10g,24,spot,0.5651,,,ec2:describe-spot-price-history
2026-09-17T21:00:10+00:00,aws,us-west-2,us-west-2c,g6.12xlarge,l4,24,spot,3.5241,,,ec2:describe-spot-price-history
2026-09-17T21:00:10+00:00,aws,us-west-2,us-west-2d,g6.12xlarge,l4,24,spot,2.6966,,,ec2:describe-spot-price-history
2026-09-17T21:00:10+00:00,aws,us-west-2,us-west-2b,g6.12xlarge,l4,24,spot,3.2644,,,ec2:describe-spot-price-history
2026-09-17T21:00:10+00:00,aws,us-west-2,us-west-2a,g6.12xlarge,l4,24,spot,3.2738,,,ec2:describe-spot-price-history
2026-09-17T21:00:10+00:00,aws,us-west-2,us-west-2d,g6.16xlarge,l4,24,spot,1.5125,,,ec2:describe-spot-price-history
2026-09-17T21:00:10+00:00,aws,us-west-2,us-west-2b,g6.16xlarge,l4,24,spot,1.5039,,,ec2:describe-spot-price-history
2026-09-17T21:00:10+00:00,aws,us-west-2,us-west-2c,g6.16xlarge,l4,24,spot,1.375,,,ec2:describe-spot-price-history
2026-09-17T21:00:10+00:00,aws,us-west-2,us-west-2a,g6.16xlarge,l4,24,spot,1.4789,,,ec2:describe-spot-price-history
2026-09-17T21:00:10+00:00,aws,us-west-2,us-west-2b,g6.24xlarge,l4,24,spot,2.5247,,,ec2:describe-spot-price-history
2026-09-17T21:00:10+00:00,aws,us-west-2,us-west-2a,g6.24xlarge,l4,24,spot,3.0569,,,ec2:describe-spot-price-history
2026-09-17T21:00:10+00:00,aws,us-west-2,us-west-2d,g6.24xlarge,l4,24,spot,2.6889,,,ec2:describe-spot-price-history
2026-09-17T21:00:10+00:00,aws,us-west-2,us-west-2c,g6.24xlarge,l4,24,spot,3.2035,,,ec2:describe-spot-price-history
2026-09-17T21:00:10+00:00,aws,us-west-2,us-west-2c,g6.2xlarge,l4,24,spot,0.8119,,,ec2:describe-spot-price-history
2026-09-17T21:00:10+00:00,aws,us-west-2,us-west-2b,g6.2xlarge,l4,24,spot,0.8692,,,ec2:describe-spot-price-history
2026-09-17T21:00:10+00:00,aws,us-west-2,us-west-2a,g6.2xlarge,l4,24,spot,0.8516,,,ec2:describe-spot-price-history
2026-09-17T21:00:10+00:00,aws,us-west-2,us-west-2d,g6.2xlarge,l4,24,spot,0.6526,,,ec2:describe-spot-price-history
2026-09-17T21:00:10+00:00,aws,us-west-2,us-west-2d,g6.48xlarge,l4,24,spot,7.639,,,ec2:describe-spot-price-history
2026-09-17T21:00:10+00:00,aws,us-west-2,us-west-2a,g6.48xlarge,l4,24,spot,8.0925,,,ec2:describe-spot-price-history
2026-09-17T21:00:10+00:00,aws,us-west-2,us-west-2b,g6.48xlarge,l4,24,spot,8.0698,,,ec2:describe-spot-price-history
2026-09-17T21:00:10+00:00,aws,us-west-2,us-west-2c,g6.48xlarge,l4,24,spot,7.1214,,,ec2:describe-spot-price-history
2026-09-17T21:00:10+00:00,aws,us-west-2,us-west-2c,g6.4xlarge,l4,24,spot,0.7887,,,ec2:describe-spot-price-history
2026-09-17T21:00:10+00:00,aws,us-west-2,us-west-2a,g6.4xlarge,l4,24,spot,0.9436,,,ec2:describe-spot-price-history
2026-09-17T21:00:10+00:00,aws,us-west-2,us-west-2b,g6.4xlarge,l4,24,spot,0.769,,,ec2:describe-spot-price-history
2026-09-17T21:00:10+00:00,aws,us-west-2,us-west-2d,g6.4xlarge,l4,24,spot,0.7849,,,ec2:describe-spot-price-history
2026-09-17T21:00:10+00:00,aws,us-west-2,us-west-2a,g6.8xlarge,l4,24,spot,0.8832,,,ec2:describe-spot-price-history
2026-09-17T21:00:10+00:00,aws,us-west-2,us-west-2c,g6.8xlarge,l4,24,spot,0.871,,,ec2:describe-spot-price-history
2026-09-17T21:00:10+00:00,aws,us-west-2,us-west-2b,g6.8xlarge,l4,24,spot,0.9998,,,ec2:describe-spot-price-history
2026-09-17T21:00:10+00:00,aws,us-west-2,us-west-2d,g6.8xlarge,l4,24,spot,0.7976,,,ec2:describe-spot-price-history
2026-09-17T21:00:10+00:00,aws,us-west-2,us-west-2b,g6.xlarge,l4,24,spot,0.6835,,,ec2:describe-spot-price-history
2026-09-17T21:00:10+00:00,aws,us-west-2,us-west-2d,g6.xlarge,l4,24,spot,0.5603,,,ec2:describe-spot-price-history
2026-09-17T21:00:10+00:00,aws,us-west-2,us-west-2c,g6.xlarge,l4,24,spot,0.6222,,,ec2:describe-spot-price-history
2026-09-17T21:00:10+00:00,aws,us-west-2,us-west-2a,g6.xlarge,l4,24,spot,0.7343,,,ec2:describe-spot-price-history
2026-09-17T21:00:10+00:00,aws,us-west-2,us-west-2d,g6e.12xlarge,l40s,48,spot,6.1556,,,ec2:describe-spot-price-history
2026-09-17T21:00:10+00:00,aws,us-west-2,us-west-2b,g6e.12xlarge,l40s,48,spot,8.5505,,,ec2:describe-spot-price-history
2026-09-17T21:00:10+00:00,aws,us-west-2,us-west-2a,g6e.12xlarge,l40s,48,spot,9.2465,,,ec2:describe-spot-price-history
2026-09-17T21:00:10+00:00,aws,us-west-2,us-west-2c,g6e.12xlarge,l40s,48,spot,9.4489,,,ec2:describe-spot-price-history
2026-09-17T21:00:10+00:00,aws,us-west-2,us-west-2a,g6e.16xlarge,l40s,48,spot,3.9418,,,ec2:describe-spot-price-history
2026-09-17T21:00:10+00:00,aws,us-west-2,us-west-2c,g6e.16xlarge,l40s,48,spot,2.8277,,,ec2:describe-spot-price-history
2026-09-17T21:00:10+00:00,aws,us-west-2,us-west-2b,g6e.16xlarge,l40s,48,spot,3.1596,,,ec2:describe-spot-price-history
2026-09-17T21:00:10+00:00,aws,us-west-2,us-west-2d,g6e.16xlarge,l40s,48,spot,2.9106,,,ec2:describe-spot-price-history
2026-09-17T21:00:10+00:00,aws,us-west-2,us-west-2d,g6e.24xlarge,l40s,48,spot,15.0656,,,ec2:describe-spot-price-history
2026-09-17T21:00:10+00:00,aws,us-west-2,us-west-2b,g6e.24xlarge,l40s,48,spot,11.0616,,,ec2:describe-spot-price-history
2026-09-17T21:00:10+00:00,aws,us-west-2,us-west-2a,g6e.24xlarge,l40s,48,spot,5.3867,,,ec2:describe-spot-price-history
2026-09-17T21:00:10+00:00,aws,us-west-2,us-west-2c,g6e.24xlarge,l40s,48,spot,5.1782,,,ec2:describe-spot-price-history
2026-09-17T21:00:10+00:00,aws,us-west-2,us-west-2c,g6e.2xlarge,l40s,48,spot,1.3481,,,ec2:describe-spot-price-history
2026-09-17T21:00:10+00:00,aws,us-west-2,us-west-2b,g6e.2xlarge,l40s,48,spot,1.6674,,,ec2:describe-spot-price-history
2026-09-17T21:00:10+00:00,aws,us-west-2,us-west-2a,g6e.2xlarge,l40s,48,spot,2.2421,,,ec2:describe-spot-price-history
2026-09-17T21:00:10+00:00,aws,us-west-2,us-west-2d,g6e.2xlarge,l40s,48,spot,1.6573,,,ec2:describe-spot-price-history
2026-09-17T21:00:10+00:00,aws,us-west-2,us-west-2b,g6e.48xlarge,l40s,48,spot,8.6117,,,ec2:describe-spot-price-history
2026-09-17T21:00:10+00:00,aws,us-west-2,us-west-2d,g6e.48xlarge,l40s,48,spot,28.4648,,,ec2:describe-spot-price-history
2026-09-17T21:00:10+00:00,aws,us-west-2,us-west-2a,g6e.48xlarge,l40s,48,spot,15.2787,,,ec2:describe-spot-price-history
2026-09-17T21:00:10+00:00,aws,us-west-2,us-west-2c,g6e.48xlarge,l40s,48,spot,8.7772,,,ec2:describe-spot-price-history
2026-09-17T21:00:10+00:00,aws,us-west-2,us-west-2d,g6e.4xlarge,l40s,48,spot,1.1541,,,ec2:describe-spot-price-history
2026-09-17T21:00:10+00:00,aws,us-west-2,us-west-2c,g6e.4xlarge,l40s,48,spot,3.0042,,,ec2:describe-spot-price-history
2026-09-17T21:00:10+00:00,aws,us-west-2,us-west-2a,g6e.4xlarge,l40s,48,spot,3.0042,,,ec2:describe-spot-price-history
2026-09-17T21:00:10+00:00,aws,us-west-2,us-west-2b,g6e.4xlarge,l40s,48,spot,1.9566,,,ec2:describe-spot-price-history
2026-09-17T21:00:10+00:00,aws,us-west-2,us-west-2d,g6e.8xlarge,l40s,48,spot,1.4588,,,ec2:describe-spot-price-history
2026-09-17T21:00:10+00:00,aws,us-west-2,us-west-2b,g6e.8xlarge,l40s,48,spot,2.3392,,,ec2:describe-spot-price-history
2026-09-17T21:00:10+00:00,aws,us-west-2,us-west-2a,g6e.8xlarge,l40s,48,spot,4.5286,,,ec2:describe-spot-price-history
2026-09-17T21:00:10+00:00,aws,us-west-2,us-west-2c,g6e.8xlarge,l40s,48,spot,1.9893,,,ec2:describe-spot-price-history
2026-09-17T21:00:10+00:00,aws,us-west-2,us-west-2c,g6e.xlarge,l40s,48,spot,1.861,,,ec2:describe-spot-price-history
2026-09-17T21:00:10+00:00,aws,us-west-2,us-west-2a,g6e.xlarge,l40s,48,spot,1.861,,,ec2:describe-spot-price-history
2026-09-17T21:00:10+00:00,aws,us-west-2,us-west-2b,g6e.xlarge,l40s,48,spot,1.861,,,ec2:describe-spot-price-history
2026-09-17T21:00:10+00:00,aws,us-west-2,us-west-2d,g6e.xlarge,l40s,48,spot,1.2954,,,ec2:describe-spot-price-history
2026-09-17T21:00:10+00:00,aws,us-west-2,us-west-2c,g6f.2xlarge,l4,24,spot,0.1858,,,ec2:describe-spot-price-history
2026-09-17T21:00:10+00:00,aws,us-west-2,us-west-2a,g6f.2xlarge,l4,24,spot,0.1928,,,ec2:describe-spot-price-history
2026-09-17T21:00:10+00:00,aws,us-west-2,us-west-2d,g6f.2xlarge,l4,24,spot,0.1673,,,ec2:describe-spot-price-history
2026-09-17T21:00:10+00:00,aws,us-west-2,us-west-2b,g6f.2xlarge,l4,24,spot,0.2009,,,ec2:describe-spot-price-history
2026-09-17T21:00:10+00:00,aws,us-west-2,us-west-2d,g6f.4xlarge,l4,24,spot,0.4468,,,ec2:describe-spot-price-history
2026-09-17T21:00:10+00:00,aws,us-west-2,us-west-2c,g6f.4xlarge,l4,24,spot,0.4084,,,ec2:describe-spot-price-history
2026-09-17T21:00:10+00:00,aws,us-west-2,us-west-2b,g6f.4xlarge,l4,24,spot,0.425,,,ec2:describe-spot-price-history
2026-09-17T21:00:10+00:00,aws,us-west-2,us-west-2a,g6f.4xlarge,l4,24,spot,0.3832,,,ec2:describe-spot-price-history
2026-09-17T21:00:10+00:00,aws,us-west-2,us-west-2d,g6f.large,l4,24,spot,0.0372,,,ec2:describe-spot-price-history
2026-09-17T21:00:10+00:00,aws,us-west-2,us-west-2c,g6f.large,l4,24,spot,0.0474,,,ec2:describe-spot-price-history
2026-09-17T21:00:10+00:00,aws,us-west-2,us-west-2b,g6f.large,l4,24,spot,0.0558,,,ec2:describe-spot-price-history
2026-09-17T21:00:10+00:00,aws,us-west-2,us-west-2a,g6f.large,l4,24,spot,0.0454,,,ec2:describe-spot-price-history
2026-09-17T21:00:10+00:00,aws,us-west-2,us-west-2b,g6f.xlarge,l4,24,spot,0.1003,,,ec2:describe-spot-price-history
2026-09-17T21:00:10+00:00,aws,us-west-2,us-west-2a,g6f.xlarge,l4,24,spot,0.0825,,,ec2:describe-spot-price-history
2026-09-17T21:00:10+00:00,aws,us-west-2,us-west-2c,g6f.xlarge,l4,24,spot,0.0841,,,ec2:describe-spot-price-history
2026-09-17T21:00:10+00:00,aws,us-west-2,us-west-2d,g6f.xlarge,l4,24,spot,0.0769,,,ec2:describe-spot-price-history
2026-09-17T21:00:10+00:00,aws,us-west-2,us-west-2d,g7.12xlarge,rtx_pro_4500,32,spot,2.2787,,,ec2:describe-spot-price-history
2026-09-17T21:00:10+00:00,aws,us-west-2,us-west-2b,g7.12xlarge,rtx_pro_4500,32,spot,2.4121,,,ec2:describe-spot-price-history
2026-09-17T21:00:10+00:00,aws,us-west-2,us-west-2a,g7.12xlarge,rtx_pro_4500,32,spot,2.2101,,,ec2:describe-spot-price-history
2026-09-17T21:00:10+00:00,aws,us-west-2,us-west-2c,g7.12xlarge,rtx_pro_4500,32,spot,2.1785,,,ec2:describe-spot-price-history
2026-09-17T21:00:10+00:00,aws,us-west-2,us-west-2d,g7.24xlarge,rtx_pro_4500,32,spot,4.5916,,,ec2:describe-spot-price-history
2026-09-17T21:00:10+00:00,aws,us-west-2,us-west-2c,g7.24xlarge,rtx_pro_4500,32,spot,4.614,,,ec2:describe-spot-price-history
2026-09-17T21:00:10+00:00,aws,us-west-2,us-west-2b,g7.24xlarge,rtx_pro_4500,32,spot,4.5449,,,ec2:describe-spot-price-history
2026-09-17T21:00:10+00:00,aws,us-west-2,us-west-2a,g7.24xlarge,rtx_pro_4500,32,spot,4.7691,,,ec2:describe-spot-price-history
2026-09-17T21:00:10+00:00,aws,us-west-2,us-west-2d,g7.2xlarge,rtx_pro_4500,32,spot,0.6374,,,ec2:describe-spot-price-history
2026-09-17T21:00:10+00:00,aws,us-west-2,us-west-2c,g7.2xlarge,rtx_pro_4500,32,spot,0.871,,,ec2:describe-spot-price-history
2026-09-17T21:00:10+00:00,aws,us-west-2,us-west-2a,g7.2xlarge,rtx_pro_4500,32,spot,0.7935,,,ec2:describe-spot-price-history
2026-09-17T21:00:10+00:00,aws,us-west-2,us-west-2b,g7.2xlarge,rtx_pro_4500,32,spot,0.8082,,,ec2:describe-spot-price-history
2026-09-17T21:00:10+00:00,aws,us-west-2,us-west-2b,g7.48xlarge,rtx_pro_4500,32,spot,8.8119,,,ec2:describe-spot-price-history
2026-09-17T21:00:10+00:00,aws,us-west-2,us-west-2d,g7.48xlarge,rtx_pro_4500,32,spot,7.03,,,ec2:describe-spot-price-history
2026-09-17T21:00:10+00:00,aws,us-west-2,us-west-2c,g7.48xlarge,rtx_pro_4500,32,spot,8.8886,,,ec2:describe-spot-price-history
2026-09-17T21:00:10+00:00,aws,us-west-2,us-west-2a,g7.48xlarge,rtx_pro_4500,32,spot,9.0486,,,ec2:describe-spot-price-history
2026-09-17T21:00:10+00:00,aws,us-west-2,us-west-2a,g7.4xlarge,rtx_pro_4500,32,spot,0.6646,,,ec2:describe-spot-price-history
2026-09-17T21:00:10+00:00,aws,us-west-2,us-west-2d,g7.4xlarge,rtx_pro_4500,32,spot,0.5925,,,ec2:describe-spot-price-history
2026-09-17T21:00:10+00:00,aws,us-west-2,us-west-2b,g7.4xlarge,rtx_pro_4500,32,spot,0.818,,,ec2:describe-spot-price-history
2026-09-17T21:00:10+00:00,aws,us-west-2,us-west-2c,g7.4xlarge,rtx_pro_4500,32,spot,0.7384,,,ec2:describe-spot-price-history
2026-09-17T21:00:10+00:00,aws,us-west-2,us-west-2d,g7.8xlarge,rtx_pro_4500,32,spot,1.3314,,,ec2:describe-spot-price-history
2026-09-17T21:00:10+00:00,aws,us-west-2,us-west-2b,g7.8xlarge,rtx_pro_4500,32,spot,1.2399,,,ec2:describe-spot-price-history
2026-09-17T21:00:10+00:00,aws,us-west-2,us-west-2c,g7.8xlarge,rtx_pro_4500,32,spot,0.7971,,,ec2:describe-spot-price-history
2026-09-17T21:00:10+00:00,aws,us-west-2,us-west-2a,g7.8xlarge,rtx_pro_4500,32,spot,0.7836,,,ec2:describe-spot-price-history
2026-09-17T21:00:10+00:00,aws,us-west-2,us-west-2a,g7e.12xlarge,rtx_pro_6000,96,spot,4.2192,,,ec2:describe-spot-price-history
2026-09-17T21:00:10+00:00,aws,us-west-2,us-west-2c,g7e.12xlarge,rtx_pro_6000,96,spot,6.3692,,,ec2:describe-spot-price-history
2026-09-17T21:00:10+00:00,aws,us-west-2,us-west-2d,g7e.12xlarge,rtx_pro_6000,96,spot,8.2861,,,ec2:describe-spot-price-history
2026-09-17T21:00:10+00:00,aws,us-west-2,us-west-2b,g7e.12xlarge,rtx_pro_6000,96,spot,4.6352,,,ec2:describe-spot-price-history
2026-09-17T21:00:10+00:00,aws,us-west-2,us-west-2d,g7e.24xlarge,rtx_pro_6000,96,spot,16.5722,,,ec2:describe-spot-price-history
2026-09-17T21:00:10+00:00,aws,us-west-2,us-west-2c,g7e.24xlarge,rtx_pro_6000,96,spot,9.9272,,,ec2:describe-spot-price-history
2026-09-17T21:00:10+00:00,aws,us-west-2,us-west-2b,g7e.24xlarge,rtx_pro_6000,96,spot,16.5722,,,ec2:describe-spot-price-history
2026-09-17T21:00:10+00:00,aws,us-west-2,us-west-2a,g7e.24xlarge,rtx_pro_6000,96,spot,7.6181,,,ec2:describe-spot-price-history
2026-09-17T21:00:10+00:00,aws,us-west-2,us-west-2d,g7e.2xlarge,rtx_pro_6000,96,spot,3.3631,,,ec2:describe-spot-price-history
2026-09-17T21:00:10+00:00,aws,us-west-2,us-west-2a,g7e.2xlarge,rtx_pro_6000,96,spot,1.315,,,ec2:describe-spot-price-history
2026-09-17T21:00:10+00:00,aws,us-west-2,us-west-2c,g7e.2xlarge,rtx_pro_6000,96,spot,2.595,,,ec2:describe-spot-price-history
2026-09-17T21:00:10+00:00,aws,us-west-2,us-west-2b,g7e.2xlarge,rtx_pro_6000,96,spot,3.3502,,,ec2:describe-spot-price-history
2026-09-17T21:00:10+00:00,aws,us-west-2,us-west-2a,g7e.48xlarge,rtx_pro_6000,96,spot,33.1443,,,ec2:describe-spot-price-history
2026-09-17T21:00:10+00:00,aws,us-west-2,us-west-2d,g7e.48xlarge,rtx_pro_6000,96,spot,33.1443,,,ec2:describe-spot-price-history
2026-09-17T21:00:10+00:00,aws,us-west-2,us-west-2c,g7e.48xlarge,rtx_pro_6000,96,spot,25.1923,,,ec2:describe-spot-price-history
2026-09-17T21:00:10+00:00,aws,us-west-2,us-west-2b,g7e.48xlarge,rtx_pro_6000,96,spot,33.1443,,,ec2:describe-spot-price-history
2026-09-17T21:00:10+00:00,aws,us-west-2,us-west-2d,g7e.4xlarge,rtx_pro_6000,96,spot,3.9982,,,ec2:describe-spot-price-history
2026-09-17T21:00:10+00:00,aws,us-west-2,us-west-2b,g7e.4xlarge,rtx_pro_6000,96,spot,1.67,,,ec2:describe-spot-price-history
2026-09-17T21:00:10+00:00,aws,us-west-2,us-west-2a,g7e.4xlarge,rtx_pro_6000,96,spot,1.8549,,,ec2:describe-spot-price-history
2026-09-17T21:00:10+00:00,aws,us-west-2,us-west-2c,g7e.4xlarge,rtx_pro_6000,96,spot,3.4253,,,ec2:describe-spot-price-history
2026-09-17T21:00:10+00:00,aws,us-west-2,us-west-2b,g7e.8xlarge,rtx_pro_6000,96,spot,1.8872,,,ec2:describe-spot-price-history
2026-09-17T21:00:10+00:00,aws,us-west-2,us-west-2a,g7e.8xlarge,rtx_pro_6000,96,spot,3.5333,,,ec2:describe-spot-price-history
2026-09-17T21:00:10+00:00,aws,us-west-2,us-west-2d,g7e.8xlarge,rtx_pro_6000,96,spot,5.2682,,,ec2:describe-spot-price-history
2026-09-17T21:00:10+00:00,aws,us-west-2,us-west-2c,g7e.8xlarge,rtx_pro_6000,96,spot,4.33,,,ec2:describe-spot-price-history
2026-09-17T21:00:10+00:00,aws,us-west-2,us-west-2c,p5.48xlarge,h100,80,spot,20.6856,,,ec2:describe-spot-price-history
2026-09-17T21:00:10+00:00,aws,us-west-2,us-west-2a,p5.48xlarge,h100,80,spot,20.2742,,,ec2:describe-spot-price-history
2026-09-17T21:00:10+00:00,aws,us-west-2,us-west-2b,p5.48xlarge,h100,80,spot,20.8163,,,ec2:describe-spot-price-history
2026-09-17T21:00:10+00:00,aws,us-west-2,us-west-2d,p5.48xlarge,h100,80,spot,20.8601,,,ec2:describe-spot-price-history
2026-09-17T21:00:10+00:00,aws,us-west-2,us-west-2b,p5.4xlarge,h100,80,spot,2.6295,,,ec2:describe-spot-price-history
2026-09-17T21:00:10+00:00,aws,us-west-2,us-west-2d,p5.4xlarge,h100,80,spot,2.6295,,,ec2:describe-spot-price-history
2026-09-17T21:00:10+00:00,aws,us-west-2,us-west-2a,p5.4xlarge,h100,80,spot,2.6295,,,ec2:describe-spot-price-history
2026-09-17T21:00:10+00:00,aws,us-west-2,us-west-2c,p5.4xlarge,h100,80,spot,2.6295,,,ec2:describe-spot-price-history
2026-09-17T21:00:10+00:00,aws,us-west-2,us-west-2c,p5e.48xlarge,h200,141,spot,25.1918,,,ec2:describe-spot-price-history
2026-09-17T21:00:10+00:00,aws,us-west-2,us-west-2d,p5en.48xlarge,h200,141,spot,27.0813,,,ec2:describe-spot-price-history
2026-09-17T21:00:10+00:00,aws,us-west-2,us-west-2b,p5en.48xlarge,h200,141,spot,27.1978,,,ec2:describe-spot-price-history
2026-09-17T21:00:10+00:00,aws,us-west-2,us-west-2c,p5en.48xlarge,h200,141,spot,27.1545,,,ec2:describe-spot-price-history
2026-09-17T21:00:10+00:00,aws,us-west-2,us-west-2d,p6-b200.48xlarge,b200,180,spot,42.2264,,,ec2:describe-spot-price-history
2026-09-17T21:00:10+00:00,aws,us-west-2,us-west-2b,p6-b200.48xlarge,b200,180,spot,40.6674,,,ec2:describe-spot-price-history
2026-09-17T21:00:10+00:00,aws,us-west-2,us-west-2a,p6-b200.48xlarge,b200,180,spot,42.4741,,,ec2:describe-spot-price-history
2026-09-17T21:00:10+00:00,aws,us-west-2,us-west-2a,p6-b300.48xlarge,b300,288,spot,52.1437,,,ec2:describe-spot-price-history
2026-09-17T21:00:10+00:00,aws,us-west-2,us-west-2b,p6-b300.48xlarge,b300,288,spot,52.7444,,,ec2:describe-spot-price-history
2026-09-17T21:00:20+00:00,aws,us-west-2,,g5.12xlarge,a10g,24,ondemand,5.672,,,pricing:get-products
2026-09-17T21:00:20+00:00,aws,us-west-2,,g5.16xlarge,a10g,24,ondemand,4.096,,,pricing:get-products
2026-09-17T21:00:20+00:00,aws,us-west-2,,g5.24xlarge,a10g,24,ondemand,8.144,,,pricing:get-products
2026-09-17T21:00:20+00:00,aws,us-west-2,,g5.2xlarge,a10g,24,ondemand,1.212,,,pricing:get-products
2026-09-17T21:00:20+00:00,aws,us-west-2,,g5.48xlarge,a10g,24,ondemand,16.288,,,pricing:get-products
2026-09-17T21:00:20+00:00,aws,us-west-2,,g5.4xlarge,a10g,24,ondemand,1.624,,,pricing:get-products
2026-09-17T21:00:20+00:00,aws,us-west-2,,g5.8xlarge,a10g,24,ondemand,2.448,,,pricing:get-products
2026-09-17T21:00:20+00:00,aws,us-west-2,,g5.xlarge,a10g,24,ondemand,1.006,,,pricing:get-products
2026-09-17T21:00:20+00:00,aws,us-west-2,,g6.12xlarge,l4,24,ondemand,4.6016,,,pricing:get-products
2026-09-17T21:00:20+00:00,aws,us-west-2,,g6.16xlarge,l4,24,ondemand,3.3968,,,pricing:get-products
2026-09-17T21:00:20+00:00,aws,us-west-2,,g6.24xlarge,l4,24,ondemand,6.6752,,,pricing:get-products
2026-09-17T21:00:20+00:00,aws,us-west-2,,g6.2xlarge,l4,24,ondemand,0.9776,,,pricing:get-products
2026-09-17T21:00:20+00:00,aws,us-west-2,,g6.48xlarge,l4,24,ondemand,13.3504,,,pricing:get-products
2026-09-17T21:00:20+00:00,aws,us-west-2,,g6.4xlarge,l4,24,ondemand,1.3232,,,pricing:get-products
2026-09-17T21:00:20+00:00,aws,us-west-2,,g6.8xlarge,l4,24,ondemand,2.0144,,,pricing:get-products
2026-09-17T21:00:20+00:00,aws,us-west-2,,g6.xlarge,l4,24,ondemand,0.8048,,,pricing:get-products
2026-09-17T21:00:20+00:00,aws,us-west-2,,g6e.12xlarge,l40s,48,ondemand,10.49264,,,pricing:get-products
2026-09-17T21:00:20+00:00,aws,us-west-2,,g6e.16xlarge,l40s,48,ondemand,7.57719,,,pricing:get-products
2026-09-17T21:00:20+00:00,aws,us-west-2,,g6e.24xlarge,l40s,48,ondemand,15.06559,,,pricing:get-products
2026-09-17T21:00:20+00:00,aws,us-west-2,,g6e.2xlarge,l40s,48,ondemand,2.24208,,,pricing:get-products
2026-09-17T21:00:20+00:00,aws,us-west-2,,g6e.48xlarge,l40s,48,ondemand,30.13118,,,pricing:get-products
2026-09-17T21:00:20+00:00,aws,us-west-2,,g6e.4xlarge,l40s,48,ondemand,3.00424,,,pricing:get-products
2026-09-17T21:00:20+00:00,aws,us-west-2,,g6e.8xlarge,l40s,48,ondemand,4.52856,,,pricing:get-products
2026-09-17T21:00:20+00:00,aws,us-west-2,,g6e.xlarge,l40s,48,ondemand,1.861,,,pricing:get-products
2026-09-17T21:00:20+00:00,aws,us-west-2,,g6f.2xlarge,l4,24,ondemand,0.475,,,pricing:get-products
2026-09-17T21:00:20+00:00,aws,us-west-2,,g6f.4xlarge,l4,24,ondemand,0.95,,,pricing:get-products
2026-09-17T21:00:20+00:00,aws,us-west-2,,g6f.large,l4,24,ondemand,0.202,,,pricing:get-products
2026-09-17T21:00:20+00:00,aws,us-west-2,,g6f.xlarge,l4,24,ondemand,0.2375,,,pricing:get-products
2026-09-17T21:00:20+00:00,aws,us-west-2,,g7.12xlarge,rtx_pro_4500,32,ondemand,7.12832,,,pricing:get-products
2026-09-17T21:00:20+00:00,aws,us-west-2,,g7.24xlarge,rtx_pro_4500,32,ondemand,14.25664,,,pricing:get-products
2026-09-17T21:00:20+00:00,aws,us-west-2,,g7.2xlarge,rtx_pro_4500,32,ondemand,2.52,,,pricing:get-products
2026-09-17T21:00:20+00:00,aws,us-west-2,,g7.48xlarge,rtx_pro_4500,32,ondemand,28.51328,,,pricing:get-products
2026-09-17T21:00:20+00:00,aws,us-west-2,,g7.4xlarge,rtx_pro_4500,32,ondemand,3.04208,,,pricing:get-products
2026-09-17T21:00:20+00:00,aws,us-west-2,,g7.8xlarge,rtx_pro_4500,32,ondemand,4.08624,,,pricing:get-products
2026-09-17T21:00:20+00:00,aws,us-west-2,,g7e.12xlarge,rtx_pro_6000,96,ondemand,8.28608,,,pricing:get-products
2026-09-17T21:00:20+00:00,aws,us-west-2,,g7e.24xlarge,rtx_pro_6000,96,ondemand,16.57216,,,pricing:get-products
2026-09-17T21:00:20+00:00,aws,us-west-2,,g7e.2xlarge,rtx_pro_6000,96,ondemand,3.36312,,,pricing:get-products
2026-09-17T21:00:20+00:00,aws,us-west-2,,g7e.48xlarge,rtx_pro_6000,96,ondemand,33.14432,,,pricing:get-products
2026-09-17T21:00:20+00:00,aws,us-west-2,,g7e.4xlarge,rtx_pro_6000,96,ondemand,3.99816,,,pricing:get-products
2026-09-17T21:00:20+00:00,aws,us-west-2,,g7e.8xlarge,rtx_pro_6000,96,ondemand,5.26824,,,pricing:get-products
2026-09-17T21:00:20+00:00,aws,us-west-2,,p5.48xlarge,h100,80,ondemand,55.04,,,pricing:get-products
2026-09-17T21:00:20+00:00,aws,us-west-2,,p5.4xlarge,h100,80,ondemand,6.88,,,pricing:get-products
2026-09-17T21:00:20+00:00,aws,us-west-2,,p6-b200.48xlarge,b200,180,ondemand,113.9328,,,pricing:get-products
2026-09-17T21:00:20+00:00,aws,us-west-2,,p6-b300.48xlarge,b300,288,ondemand,142.416,,,pricing:get-products
2026-09-17T21:00:26+00:00,aws,us-west-2,,g5.12xlarge,a10g,24,commit1y,3.33514,8760,All Upfront,savingsplans:describe-savings-plans-offering-rates
2026-09-17T21:00:26+00:00,aws,us-west-2,,g5.12xlarge,a10g,24,commit1y,3.33514,8760,All Upfront,savingsplans:describe-savings-plans-offering-rates
2026-09-17T21:00:26+00:00,aws,us-west-2,,g5.12xlarge,a10g,24,commit3y,2.13267,26280,All Upfront,savingsplans:describe-savings-plans-offering-rates
2026-09-17T21:00:26+00:00,aws,us-west-2,,g5.12xlarge,a10g,24,commit3y,2.13267,26280,All Upfront,savingsplans:describe-savings-plans-offering-rates
2026-09-17T21:00:26+00:00,aws,us-west-2,,g5.16xlarge,a10g,24,commit1y,2.40845,8760,All Upfront,savingsplans:describe-savings-plans-offering-rates
2026-09-17T21:00:26+00:00,aws,us-west-2,,g5.16xlarge,a10g,24,commit1y,2.40845,8760,All Upfront,savingsplans:describe-savings-plans-offering-rates
2026-09-17T21:00:26+00:00,aws,us-west-2,,g5.16xlarge,a10g,24,commit3y,1.5401,26280,All Upfront,savingsplans:describe-savings-plans-offering-rates
2026-09-17T21:00:26+00:00,aws,us-west-2,,g5.16xlarge,a10g,24,commit3y,1.5401,26280,All Upfront,savingsplans:describe-savings-plans-offering-rates
2026-09-17T21:00:26+00:00,aws,us-west-2,,g5.24xlarge,a10g,24,commit1y,4.78867,8760,All Upfront,savingsplans:describe-savings-plans-offering-rates
2026-09-17T21:00:26+00:00,aws,us-west-2,,g5.24xlarge,a10g,24,commit1y,4.78867,8760,All Upfront,savingsplans:describe-savings-plans-offering-rates
2026-09-17T21:00:26+00:00,aws,us-west-2,,g5.24xlarge,a10g,24,commit3y,3.06214,26280,All Upfront,savingsplans:describe-savings-plans-offering-rates
2026-09-17T21:00:26+00:00,aws,us-west-2,,g5.24xlarge,a10g,24,commit3y,3.06214,26280,All Upfront,savingsplans:describe-savings-plans-offering-rates
2026-09-17T21:00:26+00:00,aws,us-west-2,,g5.2xlarge,a10g,24,commit1y,0.71266,8760,All Upfront,savingsplans:describe-savings-plans-offering-rates
2026-09-17T21:00:26+00:00,aws,us-west-2,,g5.2xlarge,a10g,24,commit1y,0.71266,8760,All Upfront,savingsplans:describe-savings-plans-offering-rates
2026-09-17T21:00:26+00:00,aws,us-west-2,,g5.2xlarge,a10g,24,commit3y,0.45571,26280,All Upfront,savingsplans:describe-savings-plans-offering-rates
2026-09-17T21:00:26+00:00,aws,us-west-2,,g5.2xlarge,a10g,24,commit3y,0.45571,26280,All Upfront,savingsplans:describe-savings-plans-offering-rates
2026-09-17T21:00:26+00:00,aws,us-west-2,,g5.48xlarge,a10g,24,commit1y,9.57734,8760,All Upfront,savingsplans:describe-savings-plans-offering-rates
2026-09-17T21:00:26+00:00,aws,us-west-2,,g5.48xlarge,a10g,24,commit1y,9.57734,8760,All Upfront,savingsplans:describe-savings-plans-offering-rates
2026-09-17T21:00:26+00:00,aws,us-west-2,,g5.48xlarge,a10g,24,commit3y,6.12429,26280,All Upfront,savingsplans:describe-savings-plans-offering-rates
2026-09-17T21:00:26+00:00,aws,us-west-2,,g5.48xlarge,a10g,24,commit3y,6.12429,26280,All Upfront,savingsplans:describe-savings-plans-offering-rates
2026-09-17T21:00:26+00:00,aws,us-west-2,,g5.4xlarge,a10g,24,commit1y,0.95491,8760,All Upfront,savingsplans:describe-savings-plans-offering-rates
2026-09-17T21:00:26+00:00,aws,us-west-2,,g5.4xlarge,a10g,24,commit1y,0.95491,8760,All Upfront,savingsplans:describe-savings-plans-offering-rates
2026-09-17T21:00:26+00:00,aws,us-west-2,,g5.4xlarge,a10g,24,commit3y,0.61062,26280,All Upfront,savingsplans:describe-savings-plans-offering-rates
2026-09-17T21:00:26+00:00,aws,us-west-2,,g5.4xlarge,a10g,24,commit3y,0.61062,26280,All Upfront,savingsplans:describe-savings-plans-offering-rates
2026-09-17T21:00:26+00:00,aws,us-west-2,,g5.8xlarge,a10g,24,commit1y,1.43942,8760,All Upfront,savingsplans:describe-savings-plans-offering-rates
2026-09-17T21:00:26+00:00,aws,us-west-2,,g5.8xlarge,a10g,24,commit1y,1.43942,8760,All Upfront,savingsplans:describe-savings-plans-offering-rates
2026-09-17T21:00:26+00:00,aws,us-west-2,,g5.8xlarge,a10g,24,commit3y,0.92045,26280,All Upfront,savingsplans:describe-savings-plans-offering-rates
2026-09-17T21:00:26+00:00,aws,us-west-2,,g5.8xlarge,a10g,24,commit3y,0.92045,26280,All Upfront,savingsplans:describe-savings-plans-offering-rates
2026-09-17T21:00:26+00:00,aws,us-west-2,,g5.xlarge,a10g,24,commit1y,0.59153,8760,All Upfront,savingsplans:describe-savings-plans-offering-rates
2026-09-17T21:00:26+00:00,aws,us-west-2,,g5.xlarge,a10g,24,commit1y,0.59153,8760,All Upfront,savingsplans:describe-savings-plans-offering-rates
2026-09-17T21:00:26+00:00,aws,us-west-2,,g5.xlarge,a10g,24,commit3y,0.37826,26280,All Upfront,savingsplans:describe-savings-plans-offering-rates
2026-09-17T21:00:26+00:00,aws,us-west-2,,g5.xlarge,a10g,24,commit3y,0.37826,26280,All Upfront,savingsplans:describe-savings-plans-offering-rates
2026-09-17T21:00:26+00:00,aws,us-west-2,,g6.12xlarge,l4,24,commit1y,2.79593,8760,All Upfront,savingsplans:describe-savings-plans-offering-rates
2026-09-17T21:00:26+00:00,aws,us-west-2,,g6.12xlarge,l4,24,commit1y,2.79593,8760,All Upfront,savingsplans:describe-savings-plans-offering-rates
2026-09-17T21:00:26+00:00,aws,us-west-2,,g6.12xlarge,l4,24,commit3y,1.83834,26280,All Upfront,savingsplans:describe-savings-plans-offering-rates
2026-09-17T21:00:26+00:00,aws,us-west-2,,g6.12xlarge,l4,24,commit3y,1.83834,26280,All Upfront,savingsplans:describe-savings-plans-offering-rates
2026-09-17T21:00:26+00:00,aws,us-west-2,,g6.16xlarge,l4,24,commit1y,2.0639,8760,All Upfront,savingsplans:describe-savings-plans-offering-rates
2026-09-17T21:00:26+00:00,aws,us-west-2,,g6.16xlarge,l4,24,commit1y,2.0639,8760,All Upfront,savingsplans:describe-savings-plans-offering-rates
2026-09-17T21:00:26+00:00,aws,us-west-2,,g6.16xlarge,l4,24,commit3y,1.35702,26280,All Upfront,savingsplans:describe-savings-plans-offering-rates
2026-09-17T21:00:26+00:00,aws,us-west-2,,g6.16xlarge,l4,24,commit3y,1.35702,26280,All Upfront,savingsplans:describe-savings-plans-offering-rates
2026-09-17T21:00:26+00:00,aws,us-west-2,,g6.24xlarge,l4,24,commit1y,4.05585,8760,All Upfront,savingsplans:describe-savings-plans-offering-rates
2026-09-17T21:00:26+00:00,aws,us-west-2,,g6.24xlarge,l4,24,commit1y,4.05585,8760,All Upfront,savingsplans:describe-savings-plans-offering-rates
2026-09-17T21:00:26+00:00,aws,us-west-2,,g6.24xlarge,l4,24,commit3y,2.66674,26280,All Upfront,savingsplans:describe-savings-plans-offering-rates
2026-09-17T21:00:26+00:00,aws,us-west-2,,g6.24xlarge,l4,24,commit3y,2.66674,26280,All Upfront,savingsplans:describe-savings-plans-offering-rates
2026-09-17T21:00:26+00:00,aws,us-west-2,,g6.2xlarge,l4,24,commit1y,0.59399,8760,All Upfront,savingsplans:describe-savings-plans-offering-rates
2026-09-17T21:00:26+00:00,aws,us-west-2,,g6.2xlarge,l4,24,commit1y,0.59399,8760,All Upfront,savingsplans:describe-savings-plans-offering-rates
2026-09-17T21:00:26+00:00,aws,us-west-2,,g6.2xlarge,l4,24,commit3y,0.39055,26280,All Upfront,savingsplans:describe-savings-plans-offering-rates
2026-09-17T21:00:26+00:00,aws,us-west-2,,g6.2xlarge,l4,24,commit3y,0.39055,26280,All Upfront,savingsplans:describe-savings-plans-offering-rates
2026-09-17T21:00:26+00:00,aws,us-west-2,,g6.48xlarge,l4,24,commit1y,8.1117,8760,All Upfront,savingsplans:describe-savings-plans-offering-rates
2026-09-17T21:00:26+00:00,aws,us-west-2,,g6.48xlarge,l4,24,commit1y,8.1117,8760,All Upfront,savingsplans:describe-savings-plans-offering-rates
2026-09-17T21:00:26+00:00,aws,us-west-2,,g6.48xlarge,l4,24,commit3y,5.33348,26280,All Upfront,savingsplans:describe-savings-plans-offering-rates
2026-09-17T21:00:26+00:00,aws,us-west-2,,g6.48xlarge,l4,24,commit3y,5.33348,26280,All Upfront,savingsplans:describe-savings-plans-offering-rates
2026-09-17T21:00:26+00:00,aws,us-west-2,,g6.4xlarge,l4,24,commit1y,0.80398,8760,All Upfront,savingsplans:describe-savings-plans-offering-rates
2026-09-17T21:00:26+00:00,aws,us-west-2,,g6.4xlarge,l4,24,commit1y,0.80398,8760,All Upfront,savingsplans:describe-savings-plans-offering-rates
2026-09-17T21:00:26+00:00,aws,us-west-2,,g6.4xlarge,l4,24,commit3y,0.52862,26280,All Upfront,savingsplans:describe-savings-plans-offering-rates
2026-09-17T21:00:26+00:00,aws,us-west-2,,g6.4xlarge,l4,24,commit3y,0.52862,26280,All Upfront,savingsplans:describe-savings-plans-offering-rates
2026-09-17T21:00:26+00:00,aws,us-west-2,,g6.8xlarge,l4,24,commit1y,1.22395,8760,All Upfront,savingsplans:describe-savings-plans-offering-rates
2026-09-17T21:00:26+00:00,aws,us-west-2,,g6.8xlarge,l4,24,commit1y,1.22395,8760,All Upfront,savingsplans:describe-savings-plans-offering-rates
2026-09-17T21:00:26+00:00,aws,us-west-2,,g6.8xlarge,l4,24,commit3y,0.80475,26280,All Upfront,savingsplans:describe-savings-plans-offering-rates
2026-09-17T21:00:26+00:00,aws,us-west-2,,g6.8xlarge,l4,24,commit3y,0.80475,26280,All Upfront,savingsplans:describe-savings-plans-offering-rates
2026-09-17T21:00:26+00:00,aws,us-west-2,,g6.xlarge,l4,24,commit1y,0.489,8760,All Upfront,savingsplans:describe-savings-plans-offering-rates
2026-09-17T21:00:26+00:00,aws,us-west-2,,g6.xlarge,l4,24,commit1y,0.489,8760,All Upfront,savingsplans:describe-savings-plans-offering-rates
2026-09-17T21:00:26+00:00,aws,us-west-2,,g6.xlarge,l4,24,commit3y,0.32152,26280,All Upfront,savingsplans:describe-savings-plans-offering-rates
2026-09-17T21:00:26+00:00,aws,us-west-2,,g6.xlarge,l4,24,commit3y,0.32152,26280,All Upfront,savingsplans:describe-savings-plans-offering-rates
2026-09-17T21:00:26+00:00,aws,us-west-2,,g6e.12xlarge,l40s,48,commit3y,3.94523,26280,All Upfront,savingsplans:describe-savings-plans-offering-rates
2026-09-17T21:00:26+00:00,aws,us-west-2,,g6e.12xlarge,l40s,48,commit3y,3.94523,26280,All Upfront,savingsplans:describe-savings-plans-offering-rates
2026-09-17T21:00:26+00:00,aws,us-west-2,,g6e.12xlarge,l40s,48,commit1y,6.16967,8760,All Upfront,savingsplans:describe-savings-plans-offering-rates
2026-09-17T21:00:26+00:00,aws,us-west-2,,g6e.12xlarge,l40s,48,commit1y,6.16967,8760,All Upfront,savingsplans:describe-savings-plans-offering-rates
2026-09-17T21:00:26+00:00,aws,us-west-2,,g6e.16xlarge,l40s,48,commit3y,2.84902,26280,All Upfront,savingsplans:describe-savings-plans-offering-rates
2026-09-17T21:00:26+00:00,aws,us-west-2,,g6e.16xlarge,l40s,48,commit3y,2.84902,26280,All Upfront,savingsplans:describe-savings-plans-offering-rates
2026-09-17T21:00:26+00:00,aws,us-west-2,,g6e.16xlarge,l40s,48,commit1y,4.45539,8760,All Upfront,savingsplans:describe-savings-plans-offering-rates
2026-09-17T21:00:26+00:00,aws,us-west-2,,g6e.16xlarge,l40s,48,commit1y,4.45539,8760,All Upfront,savingsplans:describe-savings-plans-offering-rates
2026-09-17T21:00:26+00:00,aws,us-west-2,,g6e.24xlarge,l40s,48,commit3y,5.66466,26280,All Upfront,savingsplans:describe-savings-plans-offering-rates
2026-09-17T21:00:26+00:00,aws,us-west-2,,g6e.24xlarge,l40s,48,commit3y,5.66466,26280,All Upfront,savingsplans:describe-savings-plans-offering-rates
2026-09-17T21:00:26+00:00,aws,us-west-2,,g6e.24xlarge,l40s,48,commit1y,8.85857,8760,All Upfront,savingsplans:describe-savings-plans-offering-rates
2026-09-17T21:00:26+00:00,aws,us-west-2,,g6e.24xlarge,l40s,48,commit1y,8.85857,8760,All Upfront,savingsplans:describe-savings-plans-offering-rates
2026-09-17T21:00:26+00:00,aws,us-west-2,,g6e.2xlarge,l40s,48,commit3y,0.84302,26280,All Upfront,savingsplans:describe-savings-plans-offering-rates
2026-09-17T21:00:26+00:00,aws,us-west-2,,g6e.2xlarge,l40s,48,commit3y,0.84302,26280,All Upfront,savingsplans:describe-savings-plans-offering-rates
2026-09-17T21:00:26+00:00,aws,us-west-2,,g6e.2xlarge,l40s,48,commit1y,1.31834,8760,All Upfront,savingsplans:describe-savings-plans-offering-rates
2026-09-17T21:00:26+00:00,aws,us-west-2,,g6e.2xlarge,l40s,48,commit1y,1.31834,8760,All Upfront,savingsplans:describe-savings-plans-offering-rates
2026-09-17T21:00:26+00:00,aws,us-west-2,,g6e.48xlarge,l40s,48,commit3y,11.32932,26280,All Upfront,savingsplans:describe-savings-plans-offering-rates
2026-09-17T21:00:26+00:00,aws,us-west-2,,g6e.48xlarge,l40s,48,commit3y,11.32932,26280,All Upfront,savingsplans:describe-savings-plans-offering-rates
2026-09-17T21:00:26+00:00,aws,us-west-2,,g6e.48xlarge,l40s,48,commit1y,17.71713,8760,All Upfront,savingsplans:describe-savings-plans-offering-rates
2026-09-17T21:00:26+00:00,aws,us-west-2,,g6e.48xlarge,l40s,48,commit1y,17.71713,8760,All Upfront,savingsplans:describe-savings-plans-offering-rates
2026-09-17T21:00:26+00:00,aws,us-west-2,,g6e.4xlarge,l40s,48,commit3y,1.12959,26280,All Upfront,savingsplans:describe-savings-plans-offering-rates
2026-09-17T21:00:26+00:00,aws,us-west-2,,g6e.4xlarge,l40s,48,commit3y,1.12959,26280,All Upfront,savingsplans:describe-savings-plans-offering-rates
2026-09-17T21:00:26+00:00,aws,us-west-2,,g6e.4xlarge,l40s,48,commit1y,1.76649,8760,All Upfront,savingsplans:describe-savings-plans-offering-rates
2026-09-17T21:00:26+00:00,aws,us-west-2,,g6e.4xlarge,l40s,48,commit1y,1.76649,8760,All Upfront,savingsplans:describe-savings-plans-offering-rates
2026-09-17T21:00:26+00:00,aws,us-west-2,,g6e.8xlarge,l40s,48,commit3y,1.70274,26280,All Upfront,savingsplans:describe-savings-plans-offering-rates
2026-09-17T21:00:26+00:00,aws,us-west-2,,g6e.8xlarge,l40s,48,commit3y,1.70274,26280,All Upfront,savingsplans:describe-savings-plans-offering-rates
2026-09-17T21:00:26+00:00,aws,us-west-2,,g6e.8xlarge,l40s,48,commit1y,2.66279,8760,All Upfront,savingsplans:describe-savings-plans-offering-rates
2026-09-17T21:00:26+00:00,aws,us-west-2,,g6e.8xlarge,l40s,48,commit1y,2.66279,8760,All Upfront,savingsplans:describe-savings-plans-offering-rates
2026-09-17T21:00:26+00:00,aws,us-west-2,,g6e.xlarge,l40s,48,commit3y,0.69974,26280,All Upfront,savingsplans:describe-savings-plans-offering-rates
2026-09-17T21:00:26+00:00,aws,us-west-2,,g6e.xlarge,l40s,48,commit3y,0.69974,26280,All Upfront,savingsplans:describe-savings-plans-offering-rates
2026-09-17T21:00:26+00:00,aws,us-west-2,,g6e.xlarge,l40s,48,commit1y,1.09427,8760,All Upfront,savingsplans:describe-savings-plans-offering-rates
2026-09-17T21:00:26+00:00,aws,us-west-2,,g6e.xlarge,l40s,48,commit1y,1.09427,8760,All Upfront,savingsplans:describe-savings-plans-offering-rates
2026-09-17T21:00:26+00:00,aws,us-west-2,,g6f.2xlarge,l4,24,commit1y,0.28861,8760,All Upfront,savingsplans:describe-savings-plans-offering-rates
2026-09-17T21:00:26+00:00,aws,us-west-2,,g6f.2xlarge,l4,24,commit1y,0.28861,8760,All Upfront,savingsplans:describe-savings-plans-offering-rates
2026-09-17T21:00:26+00:00,aws,us-west-2,,g6f.2xlarge,l4,24,commit3y,0.18976,26280,All Upfront,savingsplans:describe-savings-plans-offering-rates
2026-09-17T21:00:26+00:00,aws,us-west-2,,g6f.2xlarge,l4,24,commit3y,0.18976,26280,All Upfront,savingsplans:describe-savings-plans-offering-rates
2026-09-17T21:00:26+00:00,aws,us-west-2,,g6f.4xlarge,l4,24,commit1y,0.57722,8760,All Upfront,savingsplans:describe-savings-plans-offering-rates
2026-09-17T21:00:26+00:00,aws,us-west-2,,g6f.4xlarge,l4,24,commit1y,0.57722,8760,All Upfront,savingsplans:describe-savings-plans-offering-rates
2026-09-17T21:00:26+00:00,aws,us-west-2,,g6f.4xlarge,l4,24,commit3y,0.37953,26280,All Upfront,savingsplans:describe-savings-plans-offering-rates
2026-09-17T21:00:26+00:00,aws,us-west-2,,g6f.4xlarge,l4,24,commit3y,0.37953,26280,All Upfront,savingsplans:describe-savings-plans-offering-rates
2026-09-17T21:00:26+00:00,aws,us-west-2,,g6f.large,l4,24,commit1y,0.12274,8760,All Upfront,savingsplans:describe-savings-plans-offering-rates
2026-09-17T21:00:26+00:00,aws,us-west-2,,g6f.large,l4,24,commit1y,0.12274,8760,All Upfront,savingsplans:describe-savings-plans-offering-rates
2026-09-17T21:00:26+00:00,aws,us-west-2,,g6f.large,l4,24,commit3y,0.0807,26280,All Upfront,savingsplans:describe-savings-plans-offering-rates
2026-09-17T21:00:26+00:00,aws,us-west-2,,g6f.large,l4,24,commit3y,0.0807,26280,All Upfront,savingsplans:describe-savings-plans-offering-rates
2026-09-17T21:00:26+00:00,aws,us-west-2,,g6f.xlarge,l4,24,commit1y,0.14431,8760,All Upfront,savingsplans:describe-savings-plans-offering-rates
2026-09-17T21:00:26+00:00,aws,us-west-2,,g6f.xlarge,l4,24,commit1y,0.14431,8760,All Upfront,savingsplans:describe-savings-plans-offering-rates
2026-09-17T21:00:26+00:00,aws,us-west-2,,g6f.xlarge,l4,24,commit3y,0.09488,26280,All Upfront,savingsplans:describe-savings-plans-offering-rates
2026-09-17T21:00:26+00:00,aws,us-west-2,,g6f.xlarge,l4,24,commit3y,0.09488,26280,All Upfront,savingsplans:describe-savings-plans-offering-rates
2026-09-17T21:00:26+00:00,aws,us-west-2,,g7.12xlarge,rtx_pro_4500,32,commit3y,2.68025,26280,All Upfront,savingsplans:describe-savings-plans-offering-rates
2026-09-17T21:00:26+00:00,aws,us-west-2,,g7.12xlarge,rtx_pro_4500,32,commit3y,2.68025,26280,All Upfront,savingsplans:describe-savings-plans-offering-rates
2026-09-17T21:00:26+00:00,aws,us-west-2,,g7.12xlarge,rtx_pro_4500,32,commit1y,4.19145,8760,All Upfront,savingsplans:describe-savings-plans-offering-rates
2026-09-17T21:00:26+00:00,aws,us-west-2,,g7.12xlarge,rtx_pro_4500,32,commit1y,4.19145,8760,All Upfront,savingsplans:describe-savings-plans-offering-rates
2026-09-17T21:00:26+00:00,aws,us-west-2,,g7.24xlarge,rtx_pro_4500,32,commit3y,5.3605,26280,All Upfront,savingsplans:describe-savings-plans-offering-rates
2026-09-17T21:00:26+00:00,aws,us-west-2,,g7.24xlarge,rtx_pro_4500,32,commit3y,5.3605,26280,All Upfront,savingsplans:describe-savings-plans-offering-rates
2026-09-17T21:00:26+00:00,aws,us-west-2,,g7.24xlarge,rtx_pro_4500,32,commit1y,8.3829,8760,All Upfront,savingsplans:describe-savings-plans-offering-rates
2026-09-17T21:00:26+00:00,aws,us-west-2,,g7.24xlarge,rtx_pro_4500,32,commit1y,8.3829,8760,All Upfront,savingsplans:describe-savings-plans-offering-rates
2026-09-17T21:00:26+00:00,aws,us-west-2,,g7.2xlarge,rtx_pro_4500,32,commit3y,0.94752,26280,All Upfront,savingsplans:describe-savings-plans-offering-rates
2026-09-17T21:00:26+00:00,aws,us-west-2,,g7.2xlarge,rtx_pro_4500,32,commit3y,0.94752,26280,All Upfront,savingsplans:describe-savings-plans-offering-rates
2026-09-17T21:00:26+00:00,aws,us-west-2,,g7.2xlarge,rtx_pro_4500,32,commit1y,1.48176,8760,All Upfront,savingsplans:describe-savings-plans-offering-rates
2026-09-17T21:00:26+00:00,aws,us-west-2,,g7.2xlarge,rtx_pro_4500,32,commit1y,1.48176,8760,All Upfront,savingsplans:describe-savings-plans-offering-rates
2026-09-17T21:00:26+00:00,aws,us-west-2,,g7.48xlarge,rtx_pro_4500,32,commit3y,10.72099,26280,All Upfront,savingsplans:describe-savings-plans-offering-rates
2026-09-17T21:00:26+00:00,aws,us-west-2,,g7.48xlarge,rtx_pro_4500,32,commit3y,10.72099,26280,All Upfront,savingsplans:describe-savings-plans-offering-rates
2026-09-17T21:00:26+00:00,aws,us-west-2,,g7.48xlarge,rtx_pro_4500,32,commit1y,16.76581,8760,All Upfront,savingsplans:describe-savings-plans-offering-rates
2026-09-17T21:00:26+00:00,aws,us-west-2,,g7.48xlarge,rtx_pro_4500,32,commit1y,16.76581,8760,All Upfront,savingsplans:describe-savings-plans-offering-rates
2026-09-17T21:00:26+00:00,aws,us-west-2,,g7.4xlarge,rtx_pro_4500,32,commit3y,1.14382,26280,All Upfront,savingsplans:describe-savings-plans-offering-rates
2026-09-17T21:00:26+00:00,aws,us-west-2,,g7.4xlarge,rtx_pro_4500,32,commit3y,1.14382,26280,All Upfront,savingsplans:describe-savings-plans-offering-rates
2026-09-17T21:00:26+00:00,aws,us-west-2,,g7.4xlarge,rtx_pro_4500,32,commit1y,1.78874,8760,All Upfront,savingsplans:describe-savings-plans-offering-rates
2026-09-17T21:00:26+00:00,aws,us-west-2,,g7.4xlarge,rtx_pro_4500,32,commit1y,1.78874,8760,All Upfront,savingsplans:describe-savings-plans-offering-rates
2026-09-17T21:00:26+00:00,aws,us-west-2,,g7.8xlarge,rtx_pro_4500,32,commit3y,1.53643,26280,All Upfront,savingsplans:describe-savings-plans-offering-rates
2026-09-17T21:00:26+00:00,aws,us-west-2,,g7.8xlarge,rtx_pro_4500,32,commit3y,1.53643,26280,All Upfront,savingsplans:describe-savings-plans-offering-rates
2026-09-17T21:00:26+00:00,aws,us-west-2,,g7.8xlarge,rtx_pro_4500,32,commit1y,2.40271,8760,All Upfront,savingsplans:describe-savings-plans-offering-rates
2026-09-17T21:00:26+00:00,aws,us-west-2,,g7.8xlarge,rtx_pro_4500,32,commit1y,2.40271,8760,All Upfront,savingsplans:describe-savings-plans-offering-rates
2026-09-17T21:00:26+00:00,aws,us-west-2,,g7e.12xlarge,rtx_pro_6000,96,commit1y,4.87222,8760,All Upfront,savingsplans:describe-savings-plans-offering-rates
2026-09-17T21:00:26+00:00,aws,us-west-2,,g7e.12xlarge,rtx_pro_6000,96,commit1y,4.87222,8760,All Upfront,savingsplans:describe-savings-plans-offering-rates
2026-09-17T21:00:26+00:00,aws,us-west-2,,g7e.12xlarge,rtx_pro_6000,96,commit3y,3.11557,26280,All Upfront,savingsplans:describe-savings-plans-offering-rates
2026-09-17T21:00:26+00:00,aws,us-west-2,,g7e.12xlarge,rtx_pro_6000,96,commit3y,3.11557,26280,All Upfront,savingsplans:describe-savings-plans-offering-rates
2026-09-17T21:00:26+00:00,aws,us-west-2,,g7e.24xlarge,rtx_pro_6000,96,commit1y,9.74443,8760,All Upfront,savingsplans:describe-savings-plans-offering-rates
2026-09-17T21:00:26+00:00,aws,us-west-2,,g7e.24xlarge,rtx_pro_6000,96,commit1y,9.74443,8760,All Upfront,savingsplans:describe-savings-plans-offering-rates
2026-09-17T21:00:26+00:00,aws,us-west-2,,g7e.24xlarge,rtx_pro_6000,96,commit3y,6.23113,26280,All Upfront,savingsplans:describe-savings-plans-offering-rates
2026-09-17T21:00:26+00:00,aws,us-west-2,,g7e.24xlarge,rtx_pro_6000,96,commit3y,6.23113,26280,All Upfront,savingsplans:describe-savings-plans-offering-rates
2026-09-17T21:00:26+00:00,aws,us-west-2,,g7e.2xlarge,rtx_pro_6000,96,commit1y,1.97751,8760,All Upfront,savingsplans:describe-savings-plans-offering-rates
2026-09-17T21:00:26+00:00,aws,us-west-2,,g7e.2xlarge,rtx_pro_6000,96,commit1y,1.97751,8760,All Upfront,savingsplans:describe-savings-plans-offering-rates
2026-09-17T21:00:26+00:00,aws,us-west-2,,g7e.2xlarge,rtx_pro_6000,96,commit3y,1.26453,26280,All Upfront,savingsplans:describe-savings-plans-offering-rates
2026-09-17T21:00:26+00:00,aws,us-west-2,,g7e.2xlarge,rtx_pro_6000,96,commit3y,1.26453,26280,All Upfront,savingsplans:describe-savings-plans-offering-rates
2026-09-17T21:00:26+00:00,aws,us-west-2,,g7e.48xlarge,rtx_pro_6000,96,commit1y,19.48886,8760,All Upfront,savingsplans:describe-savings-plans-offering-rates
2026-09-17T21:00:26+00:00,aws,us-west-2,,g7e.48xlarge,rtx_pro_6000,96,commit1y,19.48886,8760,All Upfront,savingsplans:describe-savings-plans-offering-rates
2026-09-17T21:00:26+00:00,aws,us-west-2,,g7e.48xlarge,rtx_pro_6000,96,commit3y,12.46226,26280,All Upfront,savingsplans:describe-savings-plans-offering-rates
2026-09-17T21:00:26+00:00,aws,us-west-2,,g7e.48xlarge,rtx_pro_6000,96,commit3y,12.46226,26280,All Upfront,savingsplans:describe-savings-plans-offering-rates
2026-09-17T21:00:26+00:00,aws,us-west-2,,g7e.4xlarge,rtx_pro_6000,96,commit1y,2.35092,8760,All Upfront,savingsplans:describe-savings-plans-offering-rates
2026-09-17T21:00:26+00:00,aws,us-west-2,,g7e.4xlarge,rtx_pro_6000,96,commit1y,2.35092,8760,All Upfront,savingsplans:describe-savings-plans-offering-rates
2026-09-17T21:00:26+00:00,aws,us-west-2,,g7e.4xlarge,rtx_pro_6000,96,commit3y,1.50331,26280,All Upfront,savingsplans:describe-savings-plans-offering-rates
2026-09-17T21:00:26+00:00,aws,us-west-2,,g7e.4xlarge,rtx_pro_6000,96,commit3y,1.50331,26280,All Upfront,savingsplans:describe-savings-plans-offering-rates
2026-09-17T21:00:26+00:00,aws,us-west-2,,g7e.8xlarge,rtx_pro_6000,96,commit1y,3.09773,8760,All Upfront,savingsplans:describe-savings-plans-offering-rates
2026-09-17T21:00:26+00:00,aws,us-west-2,,g7e.8xlarge,rtx_pro_6000,96,commit1y,3.09773,8760,All Upfront,savingsplans:describe-savings-plans-offering-rates
2026-09-17T21:00:26+00:00,aws,us-west-2,,g7e.8xlarge,rtx_pro_6000,96,commit3y,1.98086,26280,All Upfront,savingsplans:describe-savings-plans-offering-rates
2026-09-17T21:00:26+00:00,aws,us-west-2,,g7e.8xlarge,rtx_pro_6000,96,commit3y,1.98086,26280,All Upfront,savingsplans:describe-savings-plans-offering-rates
2026-09-17T21:00:26+00:00,aws,us-west-2,,p5.48xlarge,h100,80,commit3y,20.69504,26280,All Upfront,savingsplans:describe-savings-plans-offering-rates
2026-09-17T21:00:26+00:00,aws,us-west-2,,p5.48xlarge,h100,80,commit3y,20.69504,26280,All Upfront,savingsplans:describe-savings-plans-offering-rates
2026-09-17T21:00:26+00:00,aws,us-west-2,,p5.48xlarge,h100,80,commit1y,32.36352,8760,All Upfront,savingsplans:describe-savings-plans-offering-rates
2026-09-17T21:00:26+00:00,aws,us-west-2,,p5.48xlarge,h100,80,commit1y,32.36352,8760,All Upfront,savingsplans:describe-savings-plans-offering-rates
2026-09-17T21:00:26+00:00,aws,us-west-2,,p5.4xlarge,h100,80,commit3y,2.58688,26280,All Upfront,savingsplans:describe-savings-plans-offering-rates
2026-09-17T21:00:26+00:00,aws,us-west-2,,p5.4xlarge,h100,80,commit3y,2.58688,26280,All Upfront,savingsplans:describe-savings-plans-offering-rates
2026-09-17T21:00:26+00:00,aws,us-west-2,,p5.4xlarge,h100,80,commit1y,4.04544,8760,All Upfront,savingsplans:describe-savings-plans-offering-rates
2026-09-17T21:00:26+00:00,aws,us-west-2,,p5.4xlarge,h100,80,commit1y,4.04544,8760,All Upfront,savingsplans:describe-savings-plans-offering-rates
2026-09-17T21:00:26+00:00,aws,us-west-2,,p5en.48xlarge,h200,141,commit1y,37.21805,8760,All Upfront,savingsplans:describe-savings-plans-offering-rates
2026-09-17T21:00:26+00:00,aws,us-west-2,,p5en.48xlarge,h200,141,commit1y,37.21805,8760,All Upfront,savingsplans:describe-savings-plans-offering-rates
2026-09-17T21:00:26+00:00,aws,us-west-2,,p5en.48xlarge,h200,141,commit3y,23.7993,26280,All Upfront,savingsplans:describe-savings-plans-offering-rates
2026-09-17T21:00:26+00:00,aws,us-west-2,,p5en.48xlarge,h200,141,commit3y,23.7993,26280,All Upfront,savingsplans:describe-savings-plans-offering-rates
2026-09-17T21:00:26+00:00,aws,us-west-2,,p6-b200.48xlarge,b200,180,commit3y,42.83873,26280,All Upfront,savingsplans:describe-savings-plans-offering-rates
2026-09-17T21:00:26+00:00,aws,us-west-2,,p6-b200.48xlarge,b200,180,commit3y,42.83873,26280,All Upfront,savingsplans:describe-savings-plans-offering-rates
2026-09-17T21:00:26+00:00,aws,us-west-2,,p6-b300.48xlarge,b300,288,commit3y,53.54842,26280,All Upfront,savingsplans:describe-savings-plans-offering-rates
2026-09-17T21:00:26+00:00,aws,us-west-2,,p6-b300.48xlarge,b300,288,commit3y,53.54842,26280,All Upfront,savingsplans:describe-savings-plans-offering-rates
2026-09-17T21:00:36+00:00,aws,us-east-1,us-east-1f,g5.12xlarge,a10g,24,spot,2.2494,,,ec2:describe-spot-price-history
2026-09-17T21:00:36+00:00,aws,us-east-1,us-east-1c,g5.12xlarge,a10g,24,spot,4.4942,,,ec2:describe-spot-price-history
2026-09-17T21:00:36+00:00,aws,us-east-1,us-east-1a,g5.12xlarge,a10g,24,spot,5.672,,,ec2:describe-spot-price-history
2026-09-17T21:00:36+00:00,aws,us-east-1,us-east-1d,g5.12xlarge,a10g,24,spot,5.0977,,,ec2:describe-spot-price-history
2026-09-17T21:00:36+00:00,aws,us-east-1,us-east-1b,g5.12xlarge,a10g,24,spot,5.158,,,ec2:describe-spot-price-history
2026-09-17T21:00:36+00:00,aws,us-east-1,us-east-1c,g5.16xlarge,a10g,24,spot,2.0563,,,ec2:describe-spot-price-history
2026-09-17T21:00:36+00:00,aws,us-east-1,us-east-1b,g5.16xlarge,a10g,24,spot,2.5609,,,ec2:describe-spot-price-history
2026-09-17T21:00:36+00:00,aws,us-east-1,us-east-1f,g5.16xlarge,a10g,24,spot,1.6657,,,ec2:describe-spot-price-history
2026-09-17T21:00:36+00:00,aws,us-east-1,us-east-1a,g5.16xlarge,a10g,24,spot,1.7748,,,ec2:describe-spot-price-history
2026-09-17T21:00:36+00:00,aws,us-east-1,us-east-1d,g5.16xlarge,a10g,24,spot,1.9384,,,ec2:describe-spot-price-history
2026-09-17T21:00:36+00:00,aws,us-east-1,us-east-1c,g5.24xlarge,a10g,24,spot,3.0363,,,ec2:describe-spot-price-history
2026-09-17T21:00:36+00:00,aws,us-east-1,us-east-1a,g5.24xlarge,a10g,24,spot,6.9261,,,ec2:describe-spot-price-history
2026-09-17T21:00:36+00:00,aws,us-east-1,us-east-1d,g5.24xlarge,a10g,24,spot,6.4488,,,ec2:describe-spot-price-history
2026-09-17T21:00:36+00:00,aws,us-east-1,us-east-1f,g5.24xlarge,a10g,24,spot,2.9627,,,ec2:describe-spot-price-history
2026-09-17T21:00:36+00:00,aws,us-east-1,us-east-1b,g5.24xlarge,a10g,24,spot,3.0667,,,ec2:describe-spot-price-history
2026-09-17T21:00:36+00:00,aws,us-east-1,us-east-1f,g5.2xlarge,a10g,24,spot,0.8769,,,ec2:describe-spot-price-history
2026-09-17T21:00:36+00:00,aws,us-east-1,us-east-1b,g5.2xlarge,a10g,24,spot,0.8804,,,ec2:describe-spot-price-history
2026-09-17T21:00:36+00:00,aws,us-east-1,us-east-1a,g5.2xlarge,a10g,24,spot,0.9123,,,ec2:describe-spot-price-history
2026-09-17T21:00:36+00:00,aws,us-east-1,us-east-1c,g5.2xlarge,a10g,24,spot,0.7971,,,ec2:describe-spot-price-history
2026-09-17T21:00:36+00:00,aws,us-east-1,us-east-1d,g5.2xlarge,a10g,24,spot,0.7847,,,ec2:describe-spot-price-history
2026-09-17T21:00:36+00:00,aws,us-east-1,us-east-1c,g5.48xlarge,a10g,24,spot,12.7814,,,ec2:describe-spot-price-history
2026-09-17T21:00:36+00:00,aws,us-east-1,us-east-1d,g5.48xlarge,a10g,24,spot,4.5632,,,ec2:describe-spot-price-history
2026-09-17T21:00:36+00:00,aws,us-east-1,us-east-1f,g5.48xlarge,a10g,24,spot,5.4027,,,ec2:describe-spot-price-history
2026-09-17T21:00:36+00:00,aws,us-east-1,us-east-1b,g5.48xlarge,a10g,24,spot,9.686,,,ec2:describe-spot-price-history
2026-09-17T21:00:36+00:00,aws,us-east-1,us-east-1a,g5.48xlarge,a10g,24,spot,16.288,,,ec2:describe-spot-price-history
2026-09-17T21:00:36+00:00,aws,us-east-1,us-east-1d,g5.4xlarge,a10g,24,spot,0.8863,,,ec2:describe-spot-price-history
2026-09-17T21:00:36+00:00,aws,us-east-1,us-east-1c,g5.4xlarge,a10g,24,spot,1.442,,,ec2:describe-spot-price-history
2026-09-17T21:00:36+00:00,aws,us-east-1,us-east-1b,g5.4xlarge,a10g,24,spot,0.8382,,,ec2:describe-spot-price-history
2026-09-17T21:00:36+00:00,aws,us-east-1,us-east-1a,g5.4xlarge,a10g,24,spot,0.7488,,,ec2:describe-spot-price-history
2026-09-17T21:00:36+00:00,aws,us-east-1,us-east-1f,g5.4xlarge,a10g,24,spot,0.9867,,,ec2:describe-spot-price-history
2026-09-17T21:00:36+00:00,aws,us-east-1,us-east-1b,g5.8xlarge,a10g,24,spot,1.2494,,,ec2:describe-spot-price-history
2026-09-17T21:00:36+00:00,aws,us-east-1,us-east-1d,g5.8xlarge,a10g,24,spot,1.5244,,,ec2:describe-spot-price-history
2026-09-17T21:00:36+00:00,aws,us-east-1,us-east-1c,g5.8xlarge,a10g,24,spot,1.1499,,,ec2:describe-spot-price-history
2026-09-17T21:00:36+00:00,aws,us-east-1,us-east-1a,g5.8xlarge,a10g,24,spot,1.0784,,,ec2:describe-spot-price-history
2026-09-17T21:00:36+00:00,aws,us-east-1,us-east-1f,g5.8xlarge,a10g,24,spot,1.1522,,,ec2:describe-spot-price-history
2026-09-17T21:00:36+00:00,aws,us-east-1,us-east-1d,g5.xlarge,a10g,24,spot,0.5392,,,ec2:describe-spot-price-history
2026-09-17T21:00:36+00:00,aws,us-east-1,us-east-1c,g5.xlarge,a10g,24,spot,0.5448,,,ec2:describe-spot-price-history
2026-09-17T21:00:36+00:00,aws,us-east-1,us-east-1b,g5.xlarge,a10g,24,spot,0.6575,,,ec2:describe-spot-price-history
2026-09-17T21:00:36+00:00,aws,us-east-1,us-east-1f,g5.xlarge,a10g,24,spot,0.5481,,,ec2:describe-spot-price-history
2026-09-17T21:00:36+00:00,aws,us-east-1,us-east-1a,g5.xlarge,a10g,24,spot,0.8593,,,ec2:describe-spot-price-history
2026-09-17T21:00:36+00:00,aws,us-east-1,us-east-1d,g6.12xlarge,l4,24,spot,4.1756,,,ec2:describe-spot-price-history
2026-09-17T21:00:36+00:00,aws,us-east-1,us-east-1f,g6.12xlarge,l4,24,spot,2.1177,,,ec2:describe-spot-price-history
2026-09-17T21:00:36+00:00,aws,us-east-1,us-east-1b,g6.12xlarge,l4,24,spot,3.9628,,,ec2:describe-spot-price-history
2026-09-17T21:00:36+00:00,aws,us-east-1,us-east-1c,g6.12xlarge,l4,24,spot,3.9287,,,ec2:describe-spot-price-history
2026-09-17T21:00:36+00:00,aws,us-east-1,us-east-1a,g6.12xlarge,l4,24,spot,3.0601,,,ec2:describe-spot-price-history
2026-09-17T21:00:36+00:00,aws,us-east-1,us-east-1a,g6.16xlarge,l4,24,spot,1.5133,,,ec2:describe-spot-price-history
2026-09-17T21:00:36+00:00,aws,us-east-1,us-east-1c,g6.16xlarge,l4,24,spot,1.3149,,,ec2:describe-spot-price-history
2026-09-17T21:00:36+00:00,aws,us-east-1,us-east-1f,g6.16xlarge,l4,24,spot,1.6103,,,ec2:describe-spot-price-history
2026-09-17T21:00:36+00:00,aws,us-east-1,us-east-1b,g6.16xlarge,l4,24,spot,1.4885,,,ec2:describe-spot-price-history
2026-09-17T21:00:36+00:00,aws,us-east-1,us-east-1d,g6.16xlarge,l4,24,spot,1.3507,,,ec2:describe-spot-price-history
2026-09-17T21:00:36+00:00,aws,us-east-1,us-east-1c,g6.24xlarge,l4,24,spot,4.4996,,,ec2:describe-spot-price-history
2026-09-17T21:00:36+00:00,aws,us-east-1,us-east-1f,g6.24xlarge,l4,24,spot,3.1816,,,ec2:describe-spot-price-history
2026-09-17T21:00:36+00:00,aws,us-east-1,us-east-1b,g6.24xlarge,l4,24,spot,3.4872,,,ec2:describe-spot-price-history
2026-09-17T21:00:36+00:00,aws,us-east-1,us-east-1a,g6.24xlarge,l4,24,spot,6.6752,,,ec2:describe-spot-price-history
2026-09-17T21:00:36+00:00,aws,us-east-1,us-east-1d,g6.24xlarge,l4,24,spot,3.6924,,,ec2:describe-spot-price-history
2026-09-17T21:00:36+00:00,aws,us-east-1,us-east-1c,g6.2xlarge,l4,24,spot,0.9013,,,ec2:describe-spot-price-history
2026-09-17T21:00:36+00:00,aws,us-east-1,us-east-1f,g6.2xlarge,l4,24,spot,0.9385,,,ec2:describe-spot-price-history
2026-09-17T21:00:36+00:00,aws,us-east-1,us-east-1b,g6.2xlarge,l4,24,spot,0.9506,,,ec2:describe-spot-price-history
2026-09-17T21:00:36+00:00,aws,us-east-1,us-east-1a,g6.2xlarge,l4,24,spot,0.9636,,,ec2:describe-spot-price-history
2026-09-17T21:00:36+00:00,aws,us-east-1,us-east-1d,g6.2xlarge,l4,24,spot,0.8405,,,ec2:describe-spot-price-history
2026-09-17T21:00:36+00:00,aws,us-east-1,us-east-1d,g6.48xlarge,l4,24,spot,6.6631,,,ec2:describe-spot-price-history
2026-09-17T21:00:36+00:00,aws,us-east-1,us-east-1c,g6.48xlarge,l4,24,spot,6.9631,,,ec2:describe-spot-price-history
2026-09-17T21:00:36+00:00,aws,us-east-1,us-east-1b,g6.48xlarge,l4,24,spot,4.9023,,,ec2:describe-spot-price-history
2026-09-17T21:00:36+00:00,aws,us-east-1,us-east-1a,g6.48xlarge,l4,24,spot,8.2236,,,ec2:describe-spot-price-history
2026-09-17T21:00:36+00:00,aws,us-east-1,us-east-1f,g6.48xlarge,l4,24,spot,13.08,,,ec2:describe-spot-price-history
2026-09-17T21:00:36+00:00,aws,us-east-1,us-east-1a,g6.4xlarge,l4,24,spot,1.1789,,,ec2:describe-spot-price-history
2026-09-17T21:00:36+00:00,aws,us-east-1,us-east-1d,g6.4xlarge,l4,24,spot,1.0191,,,ec2:describe-spot-price-history
2026-09-17T21:00:36+00:00,aws,us-east-1,us-east-1f,g6.4xlarge,l4,24,spot,1.2612,,,ec2:describe-spot-price-history
2026-09-17T21:00:36+00:00,aws,us-east-1,us-east-1c,g6.4xlarge,l4,24,spot,1.1494,,,ec2:describe-spot-price-history
2026-09-17T21:00:36+00:00,aws,us-east-1,us-east-1b,g6.4xlarge,l4,24,spot,1.2141,,,ec2:describe-spot-price-history
2026-09-17T21:00:36+00:00,aws,us-east-1,us-east-1b,g6.8xlarge,l4,24,spot,1.2147,,,ec2:describe-spot-price-history
2026-09-17T21:00:36+00:00,aws,us-east-1,us-east-1a,g6.8xlarge,l4,24,spot,1.2184,,,ec2:describe-spot-price-history
2026-09-17T21:00:36+00:00,aws,us-east-1,us-east-1d,g6.8xlarge,l4,24,spot,1.1048,,,ec2:describe-spot-price-history
2026-09-17T21:00:36+00:00,aws,us-east-1,us-east-1f,g6.8xlarge,l4,24,spot,1.4317,,,ec2:describe-spot-price-history
2026-09-17T21:00:36+00:00,aws,us-east-1,us-east-1c,g6.8xlarge,l4,24,spot,1.1474,,,ec2:describe-spot-price-history
2026-09-17T21:00:36+00:00,aws,us-east-1,us-east-1f,g6.xlarge,l4,24,spot,0.6873,,,ec2:describe-spot-price-history
2026-09-17T21:00:36+00:00,aws,us-east-1,us-east-1b,g6.xlarge,l4,24,spot,0.5863,,,ec2:describe-spot-price-history
2026-09-17T21:00:36+00:00,aws,us-east-1,us-east-1a,g6.xlarge,l4,24,spot,0.5671,,,ec2:describe-spot-price-history
2026-09-17T21:00:36+00:00,aws,us-east-1,us-east-1c,g6.xlarge,l4,24,spot,0.6454,,,ec2:describe-spot-price-history
2026-09-17T21:00:36+00:00,aws,us-east-1,us-east-1d,g6.xlarge,l4,24,spot,0.6365,,,ec2:describe-spot-price-history
2026-09-17T21:00:36+00:00,aws,us-east-1,us-east-1d,g6e.12xlarge,l40s,48,spot,9.1394,,,ec2:describe-spot-price-history
2026-09-17T21:00:36+00:00,aws,us-east-1,us-east-1b,g6e.12xlarge,l40s,48,spot,6.212,,,ec2:describe-spot-price-history
2026-09-17T21:00:36+00:00,aws,us-east-1,us-east-1a,g6e.12xlarge,l40s,48,spot,8.9358,,,ec2:describe-spot-price-history
2026-09-17T21:00:36+00:00,aws,us-east-1,us-east-1c,g6e.12xlarge,l40s,48,spot,8.1634,,,ec2:describe-spot-price-history
2026-09-17T21:00:36+00:00,aws,us-east-1,us-east-1d,g6e.16xlarge,l40s,48,spot,2.7856,,,ec2:describe-spot-price-history
2026-09-17T21:00:36+00:00,aws,us-east-1,us-east-1b,g6e.16xlarge,l40s,48,spot,2.7136,,,ec2:describe-spot-price-history
2026-09-17T21:00:36+00:00,aws,us-east-1,us-east-1c,g6e.16xlarge,l40s,48,spot,2.6157,,,ec2:describe-spot-price-history
2026-09-17T21:00:36+00:00,aws,us-east-1,us-east-1a,g6e.16xlarge,l40s,48,spot,2.8302,,,ec2:describe-spot-price-history
2026-09-17T21:00:36+00:00,aws,us-east-1,us-east-1c,g6e.24xlarge,l40s,48,spot,9.191,,,ec2:describe-spot-price-history
2026-09-17T21:00:36+00:00,aws,us-east-1,us-east-1d,g6e.24xlarge,l40s,48,spot,2.068,,,ec2:describe-spot-price-history
2026-09-17T21:00:36+00:00,aws,us-east-1,us-east-1a,g6e.24xlarge,l40s,48,spot,7.4412,,,ec2:describe-spot-price-history
2026-09-17T21:00:36+00:00,aws,us-east-1,us-east-1b,g6e.24xlarge,l40s,48,spot,10.6735,,,ec2:describe-spot-price-history
2026-09-17T21:00:36+00:00,aws,us-east-1,us-east-1a,g6e.2xlarge,l40s,48,spot,2.1769,,,ec2:describe-spot-price-history
2026-09-17T21:00:36+00:00,aws,us-east-1,us-east-1c,g6e.2xlarge,l40s,48,spot,2.2421,,,ec2:describe-spot-price-history
2026-09-17T21:00:36+00:00,aws,us-east-1,us-east-1b,g6e.2xlarge,l40s,48,spot,2.2421,,,ec2:describe-spot-price-history
2026-09-17T21:00:36+00:00,aws,us-east-1,us-east-1d,g6e.2xlarge,l40s,48,spot,2.0541,,,ec2:describe-spot-price-history
2026-09-17T21:00:36+00:00,aws,us-east-1,us-east-1b,g6e.48xlarge,l40s,48,spot,13.1252,,,ec2:describe-spot-price-history
2026-09-17T21:00:36+00:00,aws,us-east-1,us-east-1a,g6e.48xlarge,l40s,48,spot,21.645,,,ec2:describe-spot-price-history
2026-09-17T21:00:36+00:00,aws,us-east-1,us-east-1c,g6e.48xlarge,l40s,48,spot,17.6116,,,ec2:describe-spot-price-history
2026-09-17T21:00:36+00:00,aws,us-east-1,us-east-1d,g6e.48xlarge,l40s,48,spot,10.0849,,,ec2:describe-spot-price-history
2026-09-17T21:00:36+00:00,aws,us-east-1,us-east-1b,g6e.4xlarge,l40s,48,spot,1.4041,,,ec2:describe-spot-price-history
2026-09-17T21:00:36+00:00,aws,us-east-1,us-east-1d,g6e.4xlarge,l40s,48,spot,1.4317,,,ec2:describe-spot-price-history
2026-09-17T21:00:36+00:00,aws,us-east-1,us-east-1c,g6e.4xlarge,l40s,48,spot,2.046,,,ec2:describe-spot-price-history
2026-09-17T21:00:36+00:00,aws,us-east-1,us-east-1a,g6e.4xlarge,l40s,48,spot,2.9141,,,ec2:describe-spot-price-history
2026-09-17T21:00:36+00:00,aws,us-east-1,us-east-1a,g6e.8xlarge,l40s,48,spot,2.0394,,,ec2:describe-spot-price-history
2026-09-17T21:00:36+00:00,aws,us-east-1,us-east-1c,g6e.8xlarge,l40s,48,spot,1.9429,,,ec2:describe-spot-price-history
2026-09-17T21:00:36+00:00,aws,us-east-1,us-east-1b,g6e.8xlarge,l40s,48,spot,1.9478,,,ec2:describe-spot-price-history
2026-09-17T21:00:36+00:00,aws,us-east-1,us-east-1d,g6e.8xlarge,l40s,48,spot,1.8421,,,ec2:describe-spot-price-history
2026-09-17T21:00:36+00:00,aws,us-east-1,us-east-1c,g6e.xlarge,l40s,48,spot,1.6056,,,ec2:describe-spot-price-history
2026-09-17T21:00:36+00:00,aws,us-east-1,us-east-1a,g6e.xlarge,l40s,48,spot,1.861,,,ec2:describe-spot-price-history
2026-09-17T21:00:36+00:00,aws,us-east-1,us-east-1b,g6e.xlarge,l40s,48,spot,1.6685,,,ec2:describe-spot-price-history
2026-09-17T21:00:36+00:00,aws,us-east-1,us-east-1d,g6e.xlarge,l40s,48,spot,1.6614,,,ec2:describe-spot-price-history
2026-09-17T21:00:36+00:00,aws,us-east-1,us-east-1a,g6f.2xlarge,l4,24,spot,0.229,,,ec2:describe-spot-price-history
2026-09-17T21:00:36+00:00,aws,us-east-1,us-east-1c,g6f.2xlarge,l4,24,spot,0.333,,,ec2:describe-spot-price-history
2026-09-17T21:00:36+00:00,aws,us-east-1,us-east-1b,g6f.2xlarge,l4,24,spot,0.3125,,,ec2:describe-spot-price-history
2026-09-17T21:00:36+00:00,aws,us-east-1,us-east-1d,g6f.2xlarge,l4,24,spot,0.3167,,,ec2:describe-spot-price-history
2026-09-17T21:00:36+00:00,aws,us-east-1,us-east-1a,g6f.4xlarge,l4,24,spot,0.1745,,,ec2:describe-spot-price-history
2026-09-17T21:00:36+00:00,aws,us-east-1,us-east-1c,g6f.4xlarge,l4,24,spot,0.5107,,,ec2:describe-spot-price-history
2026-09-17T21:00:36+00:00,aws,us-east-1,us-east-1d,g6f.4xlarge,l4,24,spot,0.3897,,,ec2:describe-spot-price-history
2026-09-17T21:00:36+00:00,aws,us-east-1,us-east-1b,g6f.4xlarge,l4,24,spot,0.165,,,ec2:describe-spot-price-history
2026-09-17T21:00:36+00:00,aws,us-east-1,us-east-1d,g6f.large,l4,24,spot,0.0587,,,ec2:describe-spot-price-history
2026-09-17T21:00:36+00:00,aws,us-east-1,us-east-1a,g6f.large,l4,24,spot,0.0954,,,ec2:describe-spot-price-history
2026-09-17T21:00:36+00:00,aws,us-east-1,us-east-1c,g6f.large,l4,24,spot,0.076,,,ec2:describe-spot-price-history
2026-09-17T21:00:36+00:00,aws,us-east-1,us-east-1b,g6f.large,l4,24,spot,0.0808,,,ec2:describe-spot-price-history
2026-09-17T21:00:36+00:00,aws,us-east-1,us-east-1d,g6f.xlarge,l4,24,spot,0.1012,,,ec2:describe-spot-price-history
2026-09-17T21:00:36+00:00,aws,us-east-1,us-east-1c,g6f.xlarge,l4,24,spot,0.0952,,,ec2:describe-spot-price-history
2026-09-17T21:00:36+00:00,aws,us-east-1,us-east-1a,g6f.xlarge,l4,24,spot,0.1098,,,ec2:describe-spot-price-history
2026-09-17T21:00:36+00:00,aws,us-east-1,us-east-1b,g6f.xlarge,l4,24,spot,0.1021,,,ec2:describe-spot-price-history
2026-09-17T21:00:36+00:00,aws,us-east-1,us-east-1c,g7.12xlarge,rtx_pro_4500,32,spot,1.015,,,ec2:describe-spot-price-history
2026-09-17T21:00:36+00:00,aws,us-east-1,us-east-1d,g7.12xlarge,rtx_pro_4500,32,spot,0.9484,,,ec2:describe-spot-price-history
2026-09-17T21:00:36+00:00,aws,us-east-1,us-east-1a,g7.12xlarge,rtx_pro_4500,32,spot,1.0674,,,ec2:describe-spot-price-history
2026-09-17T21:00:36+00:00,aws,us-east-1,us-east-1b,g7.12xlarge,rtx_pro_4500,32,spot,1.6273,,,ec2:describe-spot-price-history
2026-09-17T21:00:36+00:00,aws,us-east-1,us-east-1d,g7.24xlarge,rtx_pro_4500,32,spot,2.0576,,,ec2:describe-spot-price-history
2026-09-17T21:00:36+00:00,aws,us-east-1,us-east-1a,g7.24xlarge,rtx_pro_4500,32,spot,3.2565,,,ec2:describe-spot-price-history
2026-09-17T21:00:36+00:00,aws,us-east-1,us-east-1c,g7.24xlarge,rtx_pro_4500,32,spot,2.0731,,,ec2:describe-spot-price-history
2026-09-17T21:00:36+00:00,aws,us-east-1,us-east-1b,g7.24xlarge,rtx_pro_4500,32,spot,1.7548,,,ec2:describe-spot-price-history
2026-09-17T21:00:36+00:00,aws,us-east-1,us-east-1d,g7.2xlarge,rtx_pro_4500,32,spot,0.6991,,,ec2:describe-spot-price-history
2026-09-17T21:00:36+00:00,aws,us-east-1,us-east-1c,g7.2xlarge,rtx_pro_4500,32,spot,0.6899,,,ec2:describe-spot-price-history
2026-09-17T21:00:36+00:00,aws,us-east-1,us-east-1b,g7.2xlarge,rtx_pro_4500,32,spot,0.7543,,,ec2:describe-spot-price-history
2026-09-17T21:00:36+00:00,aws,us-east-1,us-east-1a,g7.2xlarge,rtx_pro_4500,32,spot,0.6632,,,ec2:describe-spot-price-history
2026-09-17T21:00:36+00:00,aws,us-east-1,us-east-1b,g7.48xlarge,rtx_pro_4500,32,spot,6.5314,,,ec2:describe-spot-price-history
2026-09-17T21:00:36+00:00,aws,us-east-1,us-east-1a,g7.48xlarge,rtx_pro_4500,32,spot,7.8099,,,ec2:describe-spot-price-history
2026-09-17T21:00:36+00:00,aws,us-east-1,us-east-1c,g7.48xlarge,rtx_pro_4500,32,spot,5.1872,,,ec2:describe-spot-price-history
2026-09-17T21:00:36+00:00,aws,us-east-1,us-east-1d,g7.48xlarge,rtx_pro_4500,32,spot,6.0385,,,ec2:describe-spot-price-history
2026-09-17T21:00:36+00:00,aws,us-east-1,us-east-1a,g7.4xlarge,rtx_pro_4500,32,spot,0.7797,,,ec2:describe-spot-price-history
2026-09-17T21:00:36+00:00,aws,us-east-1,us-east-1b,g7.4xlarge,rtx_pro_4500,32,spot,0.7814,,,ec2:describe-spot-price-history
2026-09-17T21:00:36+00:00,aws,us-east-1,us-east-1d,g7.4xlarge,rtx_pro_4500,32,spot,0.7813,,,ec2:describe-spot-price-history
2026-09-17T21:00:36+00:00,aws,us-east-1,us-east-1c,g7.4xlarge,rtx_pro_4500,32,spot,0.6886,,,ec2:describe-spot-price-history
2026-09-17T21:00:36+00:00,aws,us-east-1,us-east-1b,g7.8xlarge,rtx_pro_4500,32,spot,0.8663,,,ec2:describe-spot-price-history
2026-09-17T21:00:36+00:00,aws,us-east-1,us-east-1d,g7.8xlarge,rtx_pro_4500,32,spot,0.6609,,,ec2:describe-spot-price-history
2026-09-17T21:00:36+00:00,aws,us-east-1,us-east-1a,g7.8xlarge,rtx_pro_4500,32,spot,0.6954,,,ec2:describe-spot-price-history
2026-09-17T21:00:36+00:00,aws,us-east-1,us-east-1c,g7.8xlarge,rtx_pro_4500,32,spot,0.882,,,ec2:describe-spot-price-history
2026-09-17T21:00:36+00:00,aws,us-east-1,us-east-1d,g7e.12xlarge,rtx_pro_6000,96,spot,5.7869,,,ec2:describe-spot-price-history
2026-09-17T21:00:36+00:00,aws,us-east-1,us-east-1b,g7e.12xlarge,rtx_pro_6000,96,spot,5.9533,,,ec2:describe-spot-price-history
2026-09-17T21:00:36+00:00,aws,us-east-1,us-east-1d,g7e.24xlarge,rtx_pro_6000,96,spot,8.6559,,,ec2:describe-spot-price-history
2026-09-17T21:00:36+00:00,aws,us-east-1,us-east-1b,g7e.24xlarge,rtx_pro_6000,96,spot,11.7613,,,ec2:describe-spot-price-history
2026-09-17T21:00:36+00:00,aws,us-east-1,us-east-1d,g7e.2xlarge,rtx_pro_6000,96,spot,1.829,,,ec2:describe-spot-price-history
2026-09-17T21:00:36+00:00,aws,us-east-1,us-east-1b,g7e.2xlarge,rtx_pro_6000,96,spot,1.932,,,ec2:describe-spot-price-history
2026-09-17T21:00:36+00:00,aws,us-east-1,us-east-1b,g7e.48xlarge,rtx_pro_6000,96,spot,28.3675,,,ec2:describe-spot-price-history
2026-09-17T21:00:36+00:00,aws,us-east-1,us-east-1d,g7e.48xlarge,rtx_pro_6000,96,spot,10.9474,,,ec2:describe-spot-price-history
2026-09-17T21:00:36+00:00,aws,us-east-1,us-east-1b,g7e.4xlarge,rtx_pro_6000,96,spot,2.33,,,ec2:describe-spot-price-history
2026-09-17T21:00:36+00:00,aws,us-east-1,us-east-1d,g7e.4xlarge,rtx_pro_6000,96,spot,2.5281,,,ec2:describe-spot-price-history
2026-09-17T21:00:36+00:00,aws,us-east-1,us-east-1b,g7e.8xlarge,rtx_pro_6000,96,spot,3.4156,,,ec2:describe-spot-price-history
2026-09-17T21:00:36+00:00,aws,us-east-1,us-east-1d,g7e.8xlarge,rtx_pro_6000,96,spot,4.4439,,,ec2:describe-spot-price-history
2026-09-17T21:00:36+00:00,aws,us-east-1,us-east-1f,p5.48xlarge,h100,80,spot,20.4137,,,ec2:describe-spot-price-history
2026-09-17T21:00:36+00:00,aws,us-east-1,us-east-1c,p5.48xlarge,h100,80,spot,21.0363,,,ec2:describe-spot-price-history
2026-09-17T21:00:36+00:00,aws,us-east-1,us-east-1e,p5.48xlarge,h100,80,spot,20.7538,,,ec2:describe-spot-price-history
2026-09-17T21:00:36+00:00,aws,us-east-1,us-east-1a,p5.48xlarge,h100,80,spot,21.0363,,,ec2:describe-spot-price-history
2026-09-17T21:00:36+00:00,aws,us-east-1,us-east-1b,p5.48xlarge,h100,80,spot,20.7515,,,ec2:describe-spot-price-history
2026-09-17T21:00:36+00:00,aws,us-east-1,us-east-1d,p5.48xlarge,h100,80,spot,20.7282,,,ec2:describe-spot-price-history
2026-09-17T21:00:36+00:00,aws,us-east-1,us-east-1f,p5.4xlarge,h100,80,spot,2.6295,,,ec2:describe-spot-price-history
2026-09-17T21:00:36+00:00,aws,us-east-1,us-east-1a,p5.4xlarge,h100,80,spot,2.6295,,,ec2:describe-spot-price-history
2026-09-17T21:00:36+00:00,aws,us-east-1,us-east-1d,p5.4xlarge,h100,80,spot,2.6295,,,ec2:describe-spot-price-history
2026-09-17T21:00:36+00:00,aws,us-east-1,us-east-1e,p5.4xlarge,h100,80,spot,2.6295,,,ec2:describe-spot-price-history
2026-09-17T21:00:36+00:00,aws,us-east-1,us-east-1b,p5.4xlarge,h100,80,spot,2.6295,,,ec2:describe-spot-price-history
2026-09-17T21:00:36+00:00,aws,us-east-1,us-east-1d,p5en.48xlarge,h200,141,spot,26.9555,,,ec2:describe-spot-price-history
2026-09-17T21:00:36+00:00,aws,us-east-1,us-east-1b,p5en.48xlarge,h200,141,spot,27.3692,,,ec2:describe-spot-price-history
2026-09-17T21:00:36+00:00,aws,us-east-1,us-east-1d,p6-b200.48xlarge,b200,180,spot,42.0853,,,ec2:describe-spot-price-history
2026-09-17T21:00:36+00:00,aws,us-east-1,us-east-1d,p6-b300.48xlarge,b300,288,spot,44.6749,,,ec2:describe-spot-price-history
2026-09-17T21:00:36+00:00,aws,us-east-1,us-east-1b,p6-b300.48xlarge,b300,288,spot,44.8099,,,ec2:describe-spot-price-history
2026-09-17T21:00:50+00:00,aws,us-east-1,,g5.12xlarge,a10g,24,ondemand,5.672,,,pricing:get-products
2026-09-17T21:00:50+00:00,aws,us-east-1,,g5.16xlarge,a10g,24,ondemand,4.096,,,pricing:get-products
2026-09-17T21:00:50+00:00,aws,us-east-1,,g5.24xlarge,a10g,24,ondemand,8.144,,,pricing:get-products
2026-09-17T21:00:50+00:00,aws,us-east-1,,g5.2xlarge,a10g,24,ondemand,1.212,,,pricing:get-products
2026-09-17T21:00:50+00:00,aws,us-east-1,,g5.48xlarge,a10g,24,ondemand,16.288,,,pricing:get-products
2026-09-17T21:00:50+00:00,aws,us-east-1,,g5.4xlarge,a10g,24,ondemand,1.624,,,pricing:get-products
2026-09-17T21:00:50+00:00,aws,us-east-1,,g5.8xlarge,a10g,24,ondemand,2.448,,,pricing:get-products
2026-09-17T21:00:50+00:00,aws,us-east-1,,g5.xlarge,a10g,24,ondemand,1.006,,,pricing:get-products
2026-09-17T21:00:50+00:00,aws,us-east-1,,g6.12xlarge,l4,24,ondemand,4.6016,,,pricing:get-products
2026-09-17T21:00:50+00:00,aws,us-east-1,,g6.16xlarge,l4,24,ondemand,3.3968,,,pricing:get-products
2026-09-17T21:00:50+00:00,aws,us-east-1,,g6.24xlarge,l4,24,ondemand,6.6752,,,pricing:get-products
2026-09-17T21:00:50+00:00,aws,us-east-1,,g6.2xlarge,l4,24,ondemand,0.9776,,,pricing:get-products
2026-09-17T21:00:50+00:00,aws,us-east-1,,g6.48xlarge,l4,24,ondemand,13.3504,,,pricing:get-products
2026-09-17T21:00:50+00:00,aws,us-east-1,,g6.4xlarge,l4,24,ondemand,1.3232,,,pricing:get-products
2026-09-17T21:00:50+00:00,aws,us-east-1,,g6.8xlarge,l4,24,ondemand,2.0144,,,pricing:get-products
2026-09-17T21:00:50+00:00,aws,us-east-1,,g6.xlarge,l4,24,ondemand,0.8048,,,pricing:get-products
2026-09-17T21:00:50+00:00,aws,us-east-1,,g6e.12xlarge,l40s,48,ondemand,10.49264,,,pricing:get-products
2026-09-17T21:00:50+00:00,aws,us-east-1,,g6e.16xlarge,l40s,48,ondemand,7.57719,,,pricing:get-products
2026-09-17T21:00:50+00:00,aws,us-east-1,,g6e.24xlarge,l40s,48,ondemand,15.06559,,,pricing:get-products
2026-09-17T21:00:50+00:00,aws,us-east-1,,g6e.2xlarge,l40s,48,ondemand,2.24208,,,pricing:get-products
2026-09-17T21:00:50+00:00,aws,us-east-1,,g6e.48xlarge,l40s,48,ondemand,30.13118,,,pricing:get-products
2026-09-17T21:00:50+00:00,aws,us-east-1,,g6e.4xlarge,l40s,48,ondemand,3.00424,,,pricing:get-products
2026-09-17T21:00:50+00:00,aws,us-east-1,,g6e.8xlarge,l40s,48,ondemand,4.52856,,,pricing:get-products
2026-09-17T21:00:50+00:00,aws,us-east-1,,g6e.xlarge,l40s,48,ondemand,1.861,,,pricing:get-products
2026-09-17T21:00:50+00:00,aws,us-east-1,,g6f.2xlarge,l4,24,ondemand,0.475,,,pricing:get-products
2026-09-17T21:00:50+00:00,aws,us-east-1,,g6f.4xlarge,l4,24,ondemand,0.95,,,pricing:get-products
2026-09-17T21:00:50+00:00,aws,us-east-1,,g6f.large,l4,24,ondemand,0.202,,,pricing:get-products
2026-09-17T21:00:50+00:00,aws,us-east-1,,g6f.xlarge,l4,24,ondemand,0.2375,,,pricing:get-products
2026-09-17T21:00:50+00:00,aws,us-east-1,,g7.12xlarge,rtx_pro_4500,32,ondemand,7.12832,,,pricing:get-products
2026-09-17T21:00:50+00:00,aws,us-east-1,,g7.24xlarge,rtx_pro_4500,32,ondemand,14.25664,,,pricing:get-products
2026-09-17T21:00:50+00:00,aws,us-east-1,,g7.2xlarge,rtx_pro_4500,32,ondemand,2.52,,,pricing:get-products
2026-09-17T21:00:50+00:00,aws,us-east-1,,g7.48xlarge,rtx_pro_4500,32,ondemand,28.51328,,,pricing:get-products
2026-09-17T21:00:50+00:00,aws,us-east-1,,g7.4xlarge,rtx_pro_4500,32,ondemand,3.04208,,,pricing:get-products
2026-09-17T21:00:50+00:00,aws,us-east-1,,g7.8xlarge,rtx_pro_4500,32,ondemand,4.08624,,,pricing:get-products
2026-09-17T21:00:50+00:00,aws,us-east-1,,g7e.12xlarge,rtx_pro_6000,96,ondemand,8.28608,,,pricing:get-products
2026-09-17T21:00:50+00:00,aws,us-east-1,,g7e.24xlarge,rtx_pro_6000,96,ondemand,16.57216,,,pricing:get-products
2026-09-17T21:00:50+00:00,aws,us-east-1,,g7e.2xlarge,rtx_pro_6000,96,ondemand,3.36312,,,pricing:get-products
2026-09-17T21:00:50+00:00,aws,us-east-1,,g7e.48xlarge,rtx_pro_6000,96,ondemand,33.14432,,,pricing:get-products
2026-09-17T21:00:50+00:00,aws,us-east-1,,g7e.4xlarge,rtx_pro_6000,96,ondemand,3.99816,,,pricing:get-products
2026-09-17T21:00:50+00:00,aws,us-east-1,,g7e.8xlarge,rtx_pro_6000,96,ondemand,5.26824,,,pricing:get-products
2026-09-17T21:00:50+00:00,aws,us-east-1,,p5.48xlarge,h100,80,ondemand,55.04,,,pricing:get-products
2026-09-17T21:00:50+00:00,aws,us-east-1,,p6-b200.48xlarge,b200,180,ondemand,113.9328,,,pricing:get-products
2026-09-17T21:00:50+00:00,aws,us-east-1,,p6-b300.48xlarge,b300,288,ondemand,142.416,,,pricing:get-products
2026-09-17T21:00:55+00:00,aws,us-east-1,,g5.12xlarge,a10g,24,commit1y,3.33514,8760,All Upfront,savingsplans:describe-savings-plans-offering-rates
2026-09-17T21:00:55+00:00,aws,us-east-1,,g5.12xlarge,a10g,24,commit1y,3.33514,8760,All Upfront,savingsplans:describe-savings-plans-offering-rates
2026-09-17T21:00:55+00:00,aws,us-east-1,,g5.12xlarge,a10g,24,commit3y,2.13267,26280,All Upfront,savingsplans:describe-savings-plans-offering-rates
2026-09-17T21:00:55+00:00,aws,us-east-1,,g5.12xlarge,a10g,24,commit3y,2.13267,26280,All Upfront,savingsplans:describe-savings-plans-offering-rates
2026-09-17T21:00:55+00:00,aws,us-east-1,,g5.16xlarge,a10g,24,commit1y,2.40845,8760,All Upfront,savingsplans:describe-savings-plans-offering-rates
2026-09-17T21:00:55+00:00,aws,us-east-1,,g5.16xlarge,a10g,24,commit1y,2.40845,8760,All Upfront,savingsplans:describe-savings-plans-offering-rates
2026-09-17T21:00:55+00:00,aws,us-east-1,,g5.16xlarge,a10g,24,commit3y,1.5401,26280,All Upfront,savingsplans:describe-savings-plans-offering-rates
2026-09-17T21:00:55+00:00,aws,us-east-1,,g5.16xlarge,a10g,24,commit3y,1.5401,26280,All Upfront,savingsplans:describe-savings-plans-offering-rates
2026-09-17T21:00:55+00:00,aws,us-east-1,,g5.24xlarge,a10g,24,commit1y,4.78867,8760,All Upfront,savingsplans:describe-savings-plans-offering-rates
2026-09-17T21:00:55+00:00,aws,us-east-1,,g5.24xlarge,a10g,24,commit1y,4.78867,8760,All Upfront,savingsplans:describe-savings-plans-offering-rates
2026-09-17T21:00:55+00:00,aws,us-east-1,,g5.24xlarge,a10g,24,commit3y,3.06214,26280,All Upfront,savingsplans:describe-savings-plans-offering-rates
2026-09-17T21:00:55+00:00,aws,us-east-1,,g5.24xlarge,a10g,24,commit3y,3.06214,26280,All Upfront,savingsplans:describe-savings-plans-offering-rates
2026-09-17T21:00:55+00:00,aws,us-east-1,,g5.2xlarge,a10g,24,commit1y,0.71266,8760,All Upfront,savingsplans:describe-savings-plans-offering-rates
2026-09-17T21:00:55+00:00,aws,us-east-1,,g5.2xlarge,a10g,24,commit1y,0.71266,8760,All Upfront,savingsplans:describe-savings-plans-offering-rates
2026-09-17T21:00:55+00:00,aws,us-east-1,,g5.2xlarge,a10g,24,commit3y,0.45571,26280,All Upfront,savingsplans:describe-savings-plans-offering-rates
2026-09-17T21:00:55+00:00,aws,us-east-1,,g5.2xlarge,a10g,24,commit3y,0.45571,26280,All Upfront,savingsplans:describe-savings-plans-offering-rates
2026-09-17T21:00:55+00:00,aws,us-east-1,,g5.48xlarge,a10g,24,commit1y,9.57734,8760,All Upfront,savingsplans:describe-savings-plans-offering-rates
2026-09-17T21:00:55+00:00,aws,us-east-1,,g5.48xlarge,a10g,24,commit1y,9.57734,8760,All Upfront,savingsplans:describe-savings-plans-offering-rates
2026-09-17T21:00:55+00:00,aws,us-east-1,,g5.48xlarge,a10g,24,commit3y,6.12429,26280,All Upfront,savingsplans:describe-savings-plans-offering-rates
2026-09-17T21:00:55+00:00,aws,us-east-1,,g5.48xlarge,a10g,24,commit3y,6.12429,26280,All Upfront,savingsplans:describe-savings-plans-offering-rates
2026-09-17T21:00:55+00:00,aws,us-east-1,,g5.4xlarge,a10g,24,commit1y,0.95491,8760,All Upfront,savingsplans:describe-savings-plans-offering-rates
2026-09-17T21:00:55+00:00,aws,us-east-1,,g5.4xlarge,a10g,24,commit1y,0.95491,8760,All Upfront,savingsplans:describe-savings-plans-offering-rates
2026-09-17T21:00:55+00:00,aws,us-east-1,,g5.4xlarge,a10g,24,commit3y,0.61062,26280,All Upfront,savingsplans:describe-savings-plans-offering-rates
2026-09-17T21:00:55+00:00,aws,us-east-1,,g5.4xlarge,a10g,24,commit3y,0.61062,26280,All Upfront,savingsplans:describe-savings-plans-offering-rates
2026-09-17T21:00:55+00:00,aws,us-east-1,,g5.8xlarge,a10g,24,commit1y,1.43942,8760,All Upfront,savingsplans:describe-savings-plans-offering-rates
2026-09-17T21:00:55+00:00,aws,us-east-1,,g5.8xlarge,a10g,24,commit1y,1.43942,8760,All Upfront,savingsplans:describe-savings-plans-offering-rates
2026-09-17T21:00:55+00:00,aws,us-east-1,,g5.8xlarge,a10g,24,commit3y,0.92045,26280,All Upfront,savingsplans:describe-savings-plans-offering-rates
2026-09-17T21:00:55+00:00,aws,us-east-1,,g5.8xlarge,a10g,24,commit3y,0.92045,26280,All Upfront,savingsplans:describe-savings-plans-offering-rates
2026-09-17T21:00:55+00:00,aws,us-east-1,,g5.xlarge,a10g,24,commit1y,0.59153,8760,All Upfront,savingsplans:describe-savings-plans-offering-rates
2026-09-17T21:00:55+00:00,aws,us-east-1,,g5.xlarge,a10g,24,commit1y,0.59153,8760,All Upfront,savingsplans:describe-savings-plans-offering-rates
2026-09-17T21:00:55+00:00,aws,us-east-1,,g5.xlarge,a10g,24,commit3y,0.37826,26280,All Upfront,savingsplans:describe-savings-plans-offering-rates
2026-09-17T21:00:55+00:00,aws,us-east-1,,g5.xlarge,a10g,24,commit3y,0.37826,26280,All Upfront,savingsplans:describe-savings-plans-offering-rates
2026-09-17T21:00:55+00:00,aws,us-east-1,,g6.12xlarge,l4,24,commit3y,1.83834,26280,All Upfront,savingsplans:describe-savings-plans-offering-rates
2026-09-17T21:00:55+00:00,aws,us-east-1,,g6.12xlarge,l4,24,commit3y,1.83834,26280,All Upfront,savingsplans:describe-savings-plans-offering-rates
2026-09-17T21:00:55+00:00,aws,us-east-1,,g6.12xlarge,l4,24,commit1y,2.79593,8760,All Upfront,savingsplans:describe-savings-plans-offering-rates
2026-09-17T21:00:55+00:00,aws,us-east-1,,g6.12xlarge,l4,24,commit1y,2.79593,8760,All Upfront,savingsplans:describe-savings-plans-offering-rates
2026-09-17T21:00:55+00:00,aws,us-east-1,,g6.16xlarge,l4,24,commit3y,1.35702,26280,All Upfront,savingsplans:describe-savings-plans-offering-rates
2026-09-17T21:00:55+00:00,aws,us-east-1,,g6.16xlarge,l4,24,commit3y,1.35702,26280,All Upfront,savingsplans:describe-savings-plans-offering-rates
2026-09-17T21:00:55+00:00,aws,us-east-1,,g6.16xlarge,l4,24,commit1y,2.0639,8760,All Upfront,savingsplans:describe-savings-plans-offering-rates
2026-09-17T21:00:55+00:00,aws,us-east-1,,g6.16xlarge,l4,24,commit1y,2.0639,8760,All Upfront,savingsplans:describe-savings-plans-offering-rates
2026-09-17T21:00:55+00:00,aws,us-east-1,,g6.24xlarge,l4,24,commit3y,2.66674,26280,All Upfront,savingsplans:describe-savings-plans-offering-rates
2026-09-17T21:00:55+00:00,aws,us-east-1,,g6.24xlarge,l4,24,commit3y,2.66674,26280,All Upfront,savingsplans:describe-savings-plans-offering-rates
2026-09-17T21:00:55+00:00,aws,us-east-1,,g6.24xlarge,l4,24,commit1y,4.05585,8760,All Upfront,savingsplans:describe-savings-plans-offering-rates
2026-09-17T21:00:55+00:00,aws,us-east-1,,g6.24xlarge,l4,24,commit1y,4.05585,8760,All Upfront,savingsplans:describe-savings-plans-offering-rates
2026-09-17T21:00:55+00:00,aws,us-east-1,,g6.2xlarge,l4,24,commit3y,0.39055,26280,All Upfront,savingsplans:describe-savings-plans-offering-rates
2026-09-17T21:00:55+00:00,aws,us-east-1,,g6.2xlarge,l4,24,commit3y,0.39055,26280,All Upfront,savingsplans:describe-savings-plans-offering-rates
2026-09-17T21:00:55+00:00,aws,us-east-1,,g6.2xlarge,l4,24,commit1y,0.59399,8760,All Upfront,savingsplans:describe-savings-plans-offering-rates
2026-09-17T21:00:55+00:00,aws,us-east-1,,g6.2xlarge,l4,24,commit1y,0.59399,8760,All Upfront,savingsplans:describe-savings-plans-offering-rates
2026-09-17T21:00:55+00:00,aws,us-east-1,,g6.48xlarge,l4,24,commit3y,5.33348,26280,All Upfront,savingsplans:describe-savings-plans-offering-rates
2026-09-17T21:00:55+00:00,aws,us-east-1,,g6.48xlarge,l4,24,commit3y,5.33348,26280,All Upfront,savingsplans:describe-savings-plans-offering-rates
2026-09-17T21:00:55+00:00,aws,us-east-1,,g6.48xlarge,l4,24,commit1y,8.1117,8760,All Upfront,savingsplans:describe-savings-plans-offering-rates
2026-09-17T21:00:55+00:00,aws,us-east-1,,g6.48xlarge,l4,24,commit1y,8.1117,8760,All Upfront,savingsplans:describe-savings-plans-offering-rates
2026-09-17T21:00:55+00:00,aws,us-east-1,,g6.4xlarge,l4,24,commit3y,0.52862,26280,All Upfront,savingsplans:describe-savings-plans-offering-rates
2026-09-17T21:00:55+00:00,aws,us-east-1,,g6.4xlarge,l4,24,commit3y,0.52862,26280,All Upfront,savingsplans:describe-savings-plans-offering-rates
2026-09-17T21:00:55+00:00,aws,us-east-1,,g6.4xlarge,l4,24,commit1y,0.80398,8760,All Upfront,savingsplans:describe-savings-plans-offering-rates
2026-09-17T21:00:55+00:00,aws,us-east-1,,g6.4xlarge,l4,24,commit1y,0.80398,8760,All Upfront,savingsplans:describe-savings-plans-offering-rates
2026-09-17T21:00:55+00:00,aws,us-east-1,,g6.8xlarge,l4,24,commit3y,0.80475,26280,All Upfront,savingsplans:describe-savings-plans-offering-rates
2026-09-17T21:00:55+00:00,aws,us-east-1,,g6.8xlarge,l4,24,commit3y,0.80475,26280,All Upfront,savingsplans:describe-savings-plans-offering-rates
2026-09-17T21:00:55+00:00,aws,us-east-1,,g6.8xlarge,l4,24,commit1y,1.22395,8760,All Upfront,savingsplans:describe-savings-plans-offering-rates
2026-09-17T21:00:55+00:00,aws,us-east-1,,g6.8xlarge,l4,24,commit1y,1.22395,8760,All Upfront,savingsplans:describe-savings-plans-offering-rates
2026-09-17T21:00:55+00:00,aws,us-east-1,,g6.xlarge,l4,24,commit3y,0.32152,26280,All Upfront,savingsplans:describe-savings-plans-offering-rates
2026-09-17T21:00:55+00:00,aws,us-east-1,,g6.xlarge,l4,24,commit3y,0.32152,26280,All Upfront,savingsplans:describe-savings-plans-offering-rates
2026-09-17T21:00:55+00:00,aws,us-east-1,,g6.xlarge,l4,24,commit1y,0.489,8760,All Upfront,savingsplans:describe-savings-plans-offering-rates
2026-09-17T21:00:55+00:00,aws,us-east-1,,g6.xlarge,l4,24,commit1y,0.489,8760,All Upfront,savingsplans:describe-savings-plans-offering-rates
2026-09-17T21:00:55+00:00,aws,us-east-1,,g6e.12xlarge,l40s,48,commit1y,6.16967,8760,All Upfront,savingsplans:describe-savings-plans-offering-rates
2026-09-17T21:00:55+00:00,aws,us-east-1,,g6e.12xlarge,l40s,48,commit1y,6.16967,8760,All Upfront,savingsplans:describe-savings-plans-offering-rates
2026-09-17T21:00:55+00:00,aws,us-east-1,,g6e.12xlarge,l40s,48,commit3y,3.94523,26280,All Upfront,savingsplans:describe-savings-plans-offering-rates
2026-09-17T21:00:55+00:00,aws,us-east-1,,g6e.12xlarge,l40s,48,commit3y,3.94523,26280,All Upfront,savingsplans:describe-savings-plans-offering-rates
2026-09-17T21:00:55+00:00,aws,us-east-1,,g6e.16xlarge,l40s,48,commit1y,4.45539,8760,All Upfront,savingsplans:describe-savings-plans-offering-rates
2026-09-17T21:00:55+00:00,aws,us-east-1,,g6e.16xlarge,l40s,48,commit1y,4.45539,8760,All Upfront,savingsplans:describe-savings-plans-offering-rates
2026-09-17T21:00:55+00:00,aws,us-east-1,,g6e.16xlarge,l40s,48,commit3y,2.84902,26280,All Upfront,savingsplans:describe-savings-plans-offering-rates
2026-09-17T21:00:55+00:00,aws,us-east-1,,g6e.16xlarge,l40s,48,commit3y,2.84902,26280,All Upfront,savingsplans:describe-savings-plans-offering-rates
2026-09-17T21:00:55+00:00,aws,us-east-1,,g6e.24xlarge,l40s,48,commit1y,8.85857,8760,All Upfront,savingsplans:describe-savings-plans-offering-rates
2026-09-17T21:00:55+00:00,aws,us-east-1,,g6e.24xlarge,l40s,48,commit1y,8.85857,8760,All Upfront,savingsplans:describe-savings-plans-offering-rates
2026-09-17T21:00:55+00:00,aws,us-east-1,,g6e.24xlarge,l40s,48,commit3y,5.66466,26280,All Upfront,savingsplans:describe-savings-plans-offering-rates
2026-09-17T21:00:55+00:00,aws,us-east-1,,g6e.24xlarge,l40s,48,commit3y,5.66466,26280,All Upfront,savingsplans:describe-savings-plans-offering-rates
2026-09-17T21:00:55+00:00,aws,us-east-1,,g6e.2xlarge,l40s,48,commit1y,1.31834,8760,All Upfront,savingsplans:describe-savings-plans-offering-rates
2026-09-17T21:00:55+00:00,aws,us-east-1,,g6e.2xlarge,l40s,48,commit1y,1.31834,8760,All Upfront,savingsplans:describe-savings-plans-offering-rates
2026-09-17T21:00:55+00:00,aws,us-east-1,,g6e.2xlarge,l40s,48,commit3y,0.84302,26280,All Upfront,savingsplans:describe-savings-plans-offering-rates
2026-09-17T21:00:55+00:00,aws,us-east-1,,g6e.2xlarge,l40s,48,commit3y,0.84302,26280,All Upfront,savingsplans:describe-savings-plans-offering-rates
2026-09-17T21:00:55+00:00,aws,us-east-1,,g6e.48xlarge,l40s,48,commit1y,17.71713,8760,All Upfront,savingsplans:describe-savings-plans-offering-rates
2026-09-17T21:00:55+00:00,aws,us-east-1,,g6e.48xlarge,l40s,48,commit1y,17.71713,8760,All Upfront,savingsplans:describe-savings-plans-offering-rates
2026-09-17T21:00:55+00:00,aws,us-east-1,,g6e.48xlarge,l40s,48,commit3y,11.32932,26280,All Upfront,savingsplans:describe-savings-plans-offering-rates
2026-09-17T21:00:55+00:00,aws,us-east-1,,g6e.48xlarge,l40s,48,commit3y,11.32932,26280,All Upfront,savingsplans:describe-savings-plans-offering-rates
2026-09-17T21:00:55+00:00,aws,us-east-1,,g6e.4xlarge,l40s,48,commit1y,1.76649,8760,All Upfront,savingsplans:describe-savings-plans-offering-rates
2026-09-17T21:00:55+00:00,aws,us-east-1,,g6e.4xlarge,l40s,48,commit1y,1.76649,8760,All Upfront,savingsplans:describe-savings-plans-offering-rates
2026-09-17T21:00:55+00:00,aws,us-east-1,,g6e.4xlarge,l40s,48,commit3y,1.12959,26280,All Upfront,savingsplans:describe-savings-plans-offering-rates
2026-09-17T21:00:55+00:00,aws,us-east-1,,g6e.4xlarge,l40s,48,commit3y,1.12959,26280,All Upfront,savingsplans:describe-savings-plans-offering-rates
2026-09-17T21:00:55+00:00,aws,us-east-1,,g6e.8xlarge,l40s,48,commit1y,2.66279,8760,All Upfront,savingsplans:describe-savings-plans-offering-rates
2026-09-17T21:00:55+00:00,aws,us-east-1,,g6e.8xlarge,l40s,48,commit1y,2.66279,8760,All Upfront,savingsplans:describe-savings-plans-offering-rates
2026-09-17T21:00:55+00:00,aws,us-east-1,,g6e.8xlarge,l40s,48,commit3y,1.70274,26280,All Upfront,savingsplans:describe-savings-plans-offering-rates
2026-09-17T21:00:55+00:00,aws,us-east-1,,g6e.8xlarge,l40s,48,commit3y,1.70274,26280,All Upfront,savingsplans:describe-savings-plans-offering-rates
2026-09-17T21:00:55+00:00,aws,us-east-1,,g6e.xlarge,l40s,48,commit1y,1.09427,8760,All Upfront,savingsplans:describe-savings-plans-offering-rates
2026-09-17T21:00:55+00:00,aws,us-east-1,,g6e.xlarge,l40s,48,commit1y,1.09427,8760,All Upfront,savingsplans:describe-savings-plans-offering-rates
2026-09-17T21:00:55+00:00,aws,us-east-1,,g6e.xlarge,l40s,48,commit3y,0.69974,26280,All Upfront,savingsplans:describe-savings-plans-offering-rates
2026-09-17T21:00:55+00:00,aws,us-east-1,,g6e.xlarge,l40s,48,commit3y,0.69974,26280,All Upfront,savingsplans:describe-savings-plans-offering-rates
2026-09-17T21:00:55+00:00,aws,us-east-1,,g6f.2xlarge,l4,24,commit1y,0.28861,8760,All Upfront,savingsplans:describe-savings-plans-offering-rates
2026-09-17T21:00:55+00:00,aws,us-east-1,,g6f.2xlarge,l4,24,commit1y,0.28861,8760,All Upfront,savingsplans:describe-savings-plans-offering-rates
2026-09-17T21:00:55+00:00,aws,us-east-1,,g6f.2xlarge,l4,24,commit3y,0.18976,26280,All Upfront,savingsplans:describe-savings-plans-offering-rates
2026-09-17T21:00:55+00:00,aws,us-east-1,,g6f.2xlarge,l4,24,commit3y,0.18976,26280,All Upfront,savingsplans:describe-savings-plans-offering-rates
2026-09-17T21:00:55+00:00,aws,us-east-1,,g6f.4xlarge,l4,24,commit1y,0.57722,8760,All Upfront,savingsplans:describe-savings-plans-offering-rates
2026-09-17T21:00:55+00:00,aws,us-east-1,,g6f.4xlarge,l4,24,commit1y,0.57722,8760,All Upfront,savingsplans:describe-savings-plans-offering-rates
2026-09-17T21:00:55+00:00,aws,us-east-1,,g6f.4xlarge,l4,24,commit3y,0.37953,26280,All Upfront,savingsplans:describe-savings-plans-offering-rates
2026-09-17T21:00:55+00:00,aws,us-east-1,,g6f.4xlarge,l4,24,commit3y,0.37953,26280,All Upfront,savingsplans:describe-savings-plans-offering-rates
2026-09-17T21:00:55+00:00,aws,us-east-1,,g6f.large,l4,24,commit1y,0.12274,8760,All Upfront,savingsplans:describe-savings-plans-offering-rates
2026-09-17T21:00:55+00:00,aws,us-east-1,,g6f.large,l4,24,commit1y,0.12274,8760,All Upfront,savingsplans:describe-savings-plans-offering-rates
2026-09-17T21:00:55+00:00,aws,us-east-1,,g6f.large,l4,24,commit3y,0.0807,26280,All Upfront,savingsplans:describe-savings-plans-offering-rates
2026-09-17T21:00:55+00:00,aws,us-east-1,,g6f.large,l4,24,commit3y,0.0807,26280,All Upfront,savingsplans:describe-savings-plans-offering-rates
2026-09-17T21:00:55+00:00,aws,us-east-1,,g6f.xlarge,l4,24,commit1y,0.14431,8760,All Upfront,savingsplans:describe-savings-plans-offering-rates
2026-09-17T21:00:55+00:00,aws,us-east-1,,g6f.xlarge,l4,24,commit1y,0.14431,8760,All Upfront,savingsplans:describe-savings-plans-offering-rates
2026-09-17T21:00:55+00:00,aws,us-east-1,,g6f.xlarge,l4,24,commit3y,0.09488,26280,All Upfront,savingsplans:describe-savings-plans-offering-rates
2026-09-17T21:00:55+00:00,aws,us-east-1,,g6f.xlarge,l4,24,commit3y,0.09488,26280,All Upfront,savingsplans:describe-savings-plans-offering-rates
2026-09-17T21:00:55+00:00,aws,us-east-1,,g7.12xlarge,rtx_pro_4500,32,commit1y,4.19145,8760,All Upfront,savingsplans:describe-savings-plans-offering-rates
2026-09-17T21:00:55+00:00,aws,us-east-1,,g7.12xlarge,rtx_pro_4500,32,commit1y,4.19145,8760,All Upfront,savingsplans:describe-savings-plans-offering-rates
2026-09-17T21:00:55+00:00,aws,us-east-1,,g7.12xlarge,rtx_pro_4500,32,commit3y,2.68025,26280,All Upfront,savingsplans:describe-savings-plans-offering-rates
2026-09-17T21:00:55+00:00,aws,us-east-1,,g7.12xlarge,rtx_pro_4500,32,commit3y,2.68025,26280,All Upfront,savingsplans:describe-savings-plans-offering-rates
2026-09-17T21:00:55+00:00,aws,us-east-1,,g7.24xlarge,rtx_pro_4500,32,commit1y,8.3829,8760,All Upfront,savingsplans:describe-savings-plans-offering-rates
2026-09-17T21:00:55+00:00,aws,us-east-1,,g7.24xlarge,rtx_pro_4500,32,commit1y,8.3829,8760,All Upfront,savingsplans:describe-savings-plans-offering-rates
2026-09-17T21:00:55+00:00,aws,us-east-1,,g7.24xlarge,rtx_pro_4500,32,commit3y,5.3605,26280,All Upfront,savingsplans:describe-savings-plans-offering-rates
2026-09-17T21:00:55+00:00,aws,us-east-1,,g7.24xlarge,rtx_pro_4500,32,commit3y,5.3605,26280,All Upfront,savingsplans:describe-savings-plans-offering-rates
2026-09-17T21:00:55+00:00,aws,us-east-1,,g7.2xlarge,rtx_pro_4500,32,commit1y,1.48176,8760,All Upfront,savingsplans:describe-savings-plans-offering-rates
2026-09-17T21:00:55+00:00,aws,us-east-1,,g7.2xlarge,rtx_pro_4500,32,commit1y,1.48176,8760,All Upfront,savingsplans:describe-savings-plans-offering-rates
2026-09-17T21:00:55+00:00,aws,us-east-1,,g7.2xlarge,rtx_pro_4500,32,commit3y,0.94752,26280,All Upfront,savingsplans:describe-savings-plans-offering-rates
2026-09-17T21:00:55+00:00,aws,us-east-1,,g7.2xlarge,rtx_pro_4500,32,commit3y,0.94752,26280,All Upfront,savingsplans:describe-savings-plans-offering-rates
2026-09-17T21:00:55+00:00,aws,us-east-1,,g7.48xlarge,rtx_pro_4500,32,commit1y,16.76581,8760,All Upfront,savingsplans:describe-savings-plans-offering-rates
2026-09-17T21:00:55+00:00,aws,us-east-1,,g7.48xlarge,rtx_pro_4500,32,commit1y,16.76581,8760,All Upfront,savingsplans:describe-savings-plans-offering-rates
2026-09-17T21:00:55+00:00,aws,us-east-1,,g7.48xlarge,rtx_pro_4500,32,commit3y,10.72099,26280,All Upfront,savingsplans:describe-savings-plans-offering-rates
2026-09-17T21:00:55+00:00,aws,us-east-1,,g7.48xlarge,rtx_pro_4500,32,commit3y,10.72099,26280,All Upfront,savingsplans:describe-savings-plans-offering-rates
2026-09-17T21:00:55+00:00,aws,us-east-1,,g7.4xlarge,rtx_pro_4500,32,commit1y,1.78874,8760,All Upfront,savingsplans:describe-savings-plans-offering-rates
2026-09-17T21:00:55+00:00,aws,us-east-1,,g7.4xlarge,rtx_pro_4500,32,commit1y,1.78874,8760,All Upfront,savingsplans:describe-savings-plans-offering-rates
2026-09-17T21:00:55+00:00,aws,us-east-1,,g7.4xlarge,rtx_pro_4500,32,commit3y,1.14382,26280,All Upfront,savingsplans:describe-savings-plans-offering-rates
2026-09-17T21:00:55+00:00,aws,us-east-1,,g7.4xlarge,rtx_pro_4500,32,commit3y,1.14382,26280,All Upfront,savingsplans:describe-savings-plans-offering-rates
2026-09-17T21:00:55+00:00,aws,us-east-1,,g7.8xlarge,rtx_pro_4500,32,commit1y,2.40271,8760,All Upfront,savingsplans:describe-savings-plans-offering-rates
2026-09-17T21:00:55+00:00,aws,us-east-1,,g7.8xlarge,rtx_pro_4500,32,commit1y,2.40271,8760,All Upfront,savingsplans:describe-savings-plans-offering-rates
2026-09-17T21:00:55+00:00,aws,us-east-1,,g7.8xlarge,rtx_pro_4500,32,commit3y,1.53643,26280,All Upfront,savingsplans:describe-savings-plans-offering-rates
2026-09-17T21:00:55+00:00,aws,us-east-1,,g7.8xlarge,rtx_pro_4500,32,commit3y,1.53643,26280,All Upfront,savingsplans:describe-savings-plans-offering-rates
2026-09-17T21:00:55+00:00,aws,us-east-1,,g7e.12xlarge,rtx_pro_6000,96,commit3y,3.11557,26280,All Upfront,savingsplans:describe-savings-plans-offering-rates
2026-09-17T21:00:55+00:00,aws,us-east-1,,g7e.12xlarge,rtx_pro_6000,96,commit3y,3.11557,26280,All Upfront,savingsplans:describe-savings-plans-offering-rates
2026-09-17T21:00:55+00:00,aws,us-east-1,,g7e.12xlarge,rtx_pro_6000,96,commit1y,4.87222,8760,All Upfront,savingsplans:describe-savings-plans-offering-rates
2026-09-17T21:00:55+00:00,aws,us-east-1,,g7e.12xlarge,rtx_pro_6000,96,commit1y,4.87222,8760,All Upfront,savingsplans:describe-savings-plans-offering-rates
2026-09-17T21:00:55+00:00,aws,us-east-1,,g7e.24xlarge,rtx_pro_6000,96,commit3y,6.23113,26280,All Upfront,savingsplans:describe-savings-plans-offering-rates
2026-09-17T21:00:55+00:00,aws,us-east-1,,g7e.24xlarge,rtx_pro_6000,96,commit3y,6.23113,26280,All Upfront,savingsplans:describe-savings-plans-offering-rates
2026-09-17T21:00:55+00:00,aws,us-east-1,,g7e.24xlarge,rtx_pro_6000,96,commit1y,9.74443,8760,All Upfront,savingsplans:describe-savings-plans-offering-rates
2026-09-17T21:00:55+00:00,aws,us-east-1,,g7e.24xlarge,rtx_pro_6000,96,commit1y,9.74443,8760,All Upfront,savingsplans:describe-savings-plans-offering-rates
2026-09-17T21:00:55+00:00,aws,us-east-1,,g7e.2xlarge,rtx_pro_6000,96,commit3y,1.26453,26280,All Upfront,savingsplans:describe-savings-plans-offering-rates
2026-09-17T21:00:55+00:00,aws,us-east-1,,g7e.2xlarge,rtx_pro_6000,96,commit3y,1.26453,26280,All Upfront,savingsplans:describe-savings-plans-offering-rates
2026-09-17T21:00:55+00:00,aws,us-east-1,,g7e.2xlarge,rtx_pro_6000,96,commit1y,1.97751,8760,All Upfront,savingsplans:describe-savings-plans-offering-rates
2026-09-17T21:00:55+00:00,aws,us-east-1,,g7e.2xlarge,rtx_pro_6000,96,commit1y,1.97751,8760,All Upfront,savingsplans:describe-savings-plans-offering-rates
2026-09-17T21:00:55+00:00,aws,us-east-1,,g7e.48xlarge,rtx_pro_6000,96,commit3y,12.46226,26280,All Upfront,savingsplans:describe-savings-plans-offering-rates
2026-09-17T21:00:55+00:00,aws,us-east-1,,g7e.48xlarge,rtx_pro_6000,96,commit3y,12.46226,26280,All Upfront,savingsplans:describe-savings-plans-offering-rates
2026-09-17T21:00:55+00:00,aws,us-east-1,,g7e.48xlarge,rtx_pro_6000,96,commit1y,19.48886,8760,All Upfront,savingsplans:describe-savings-plans-offering-rates
2026-09-17T21:00:55+00:00,aws,us-east-1,,g7e.48xlarge,rtx_pro_6000,96,commit1y,19.48886,8760,All Upfront,savingsplans:describe-savings-plans-offering-rates
2026-09-17T21:00:55+00:00,aws,us-east-1,,g7e.4xlarge,rtx_pro_6000,96,commit3y,1.50331,26280,All Upfront,savingsplans:describe-savings-plans-offering-rates
2026-09-17T21:00:55+00:00,aws,us-east-1,,g7e.4xlarge,rtx_pro_6000,96,commit3y,1.50331,26280,All Upfront,savingsplans:describe-savings-plans-offering-rates
2026-09-17T21:00:55+00:00,aws,us-east-1,,g7e.4xlarge,rtx_pro_6000,96,commit1y,2.35092,8760,All Upfront,savingsplans:describe-savings-plans-offering-rates
2026-09-17T21:00:55+00:00,aws,us-east-1,,g7e.4xlarge,rtx_pro_6000,96,commit1y,2.35092,8760,All Upfront,savingsplans:describe-savings-plans-offering-rates
2026-09-17T21:00:55+00:00,aws,us-east-1,,g7e.8xlarge,rtx_pro_6000,96,commit3y,1.98086,26280,All Upfront,savingsplans:describe-savings-plans-offering-rates
2026-09-17T21:00:55+00:00,aws,us-east-1,,g7e.8xlarge,rtx_pro_6000,96,commit3y,1.98086,26280,All Upfront,savingsplans:describe-savings-plans-offering-rates
2026-09-17T21:00:55+00:00,aws,us-east-1,,g7e.8xlarge,rtx_pro_6000,96,commit1y,3.09773,8760,All Upfront,savingsplans:describe-savings-plans-offering-rates
2026-09-17T21:00:55+00:00,aws,us-east-1,,g7e.8xlarge,rtx_pro_6000,96,commit1y,3.09773,8760,All Upfront,savingsplans:describe-savings-plans-offering-rates
2026-09-17T21:00:55+00:00,aws,us-east-1,,p5.48xlarge,h100,80,commit1y,32.36352,8760,All Upfront,savingsplans:describe-savings-plans-offering-rates
2026-09-17T21:00:55+00:00,aws,us-east-1,,p5.48xlarge,h100,80,commit1y,32.36352,8760,All Upfront,savingsplans:describe-savings-plans-offering-rates
2026-09-17T21:00:55+00:00,aws,us-east-1,,p5.48xlarge,h100,80,commit3y,20.69504,26280,All Upfront,savingsplans:describe-savings-plans-offering-rates
2026-09-17T21:00:55+00:00,aws,us-east-1,,p5.48xlarge,h100,80,commit3y,20.69504,26280,All Upfront,savingsplans:describe-savings-plans-offering-rates
2026-09-17T21:00:55+00:00,aws,us-east-1,,p5.4xlarge,h100,80,commit1y,4.04544,8760,All Upfront,savingsplans:describe-savings-plans-offering-rates
2026-09-17T21:00:55+00:00,aws,us-east-1,,p5.4xlarge,h100,80,commit1y,4.04544,8760,All Upfront,savingsplans:describe-savings-plans-offering-rates
2026-09-17T21:00:55+00:00,aws,us-east-1,,p5.4xlarge,h100,80,commit3y,2.58688,26280,All Upfront,savingsplans:describe-savings-plans-offering-rates
2026-09-17T21:00:55+00:00,aws,us-east-1,,p5.4xlarge,h100,80,commit3y,2.58688,26280,All Upfront,savingsplans:describe-savings-plans-offering-rates
2026-09-17T21:00:55+00:00,aws,us-east-1,,p5en.48xlarge,h200,141,commit3y,23.7993,26280,All Upfront,savingsplans:describe-savings-plans-offering-rates
2026-09-17T21:00:55+00:00,aws,us-east-1,,p5en.48xlarge,h200,141,commit3y,23.7993,26280,All Upfront,savingsplans:describe-savings-plans-offering-rates
2026-09-17T21:00:55+00:00,aws,us-east-1,,p5en.48xlarge,h200,141,commit1y,37.21805,8760,All Upfront,savingsplans:describe-savings-plans-offering-rates
2026-09-17T21:00:55+00:00,aws,us-east-1,,p5en.48xlarge,h200,141,commit1y,37.21805,8760,All Upfront,savingsplans:describe-savings-plans-offering-rates
2026-09-17T21:00:55+00:00,aws,us-east-1,,p6-b200.48xlarge,b200,180,commit3y,42.83873,26280,All Upfront,savingsplans:describe-savings-plans-offering-rates
2026-09-17T21:00:55+00:00,aws,us-east-1,,p6-b200.48xlarge,b200,180,commit3y,42.83873,26280,All Upfront,savingsplans:describe-savings-plans-offering-rates
2026-09-17T21:00:55+00:00,aws,us-east-1,,p6-b300.48xlarge,b300,288,commit3y,53.54842,26280,All Upfront,savingsplans:describe-savings-plans-offering-rates
2026-09-17T21:00:55+00:00,aws,us-east-1,,p6-b300.48xlarge,b300,288,commit3y,53.54842,26280,All Upfront,savingsplans:describe-savings-plans-offering-rates
2026-09-17T21:01:07+00:00,aws,us-east-2,us-east-2a,g5.12xlarge,a10g,24,spot,3.0321,,,ec2:describe-spot-price-history
2026-09-17T21:01:07+00:00,aws,us-east-2,us-east-2b,g5.12xlarge,a10g,24,spot,3.0934,,,ec2:describe-spot-price-history
2026-09-17T21:01:07+00:00,aws,us-east-2,us-east-2c,g5.12xlarge,a10g,24,spot,3.0618,,,ec2:describe-spot-price-history
2026-09-17T21:01:07+00:00,aws,us-east-2,us-east-2c,g5.16xlarge,a10g,24,spot,1.8895,,,ec2:describe-spot-price-history
2026-09-17T21:01:07+00:00,aws,us-east-2,us-east-2b,g5.16xlarge,a10g,24,spot,1.8858,,,ec2:describe-spot-price-history
2026-09-17T21:01:07+00:00,aws,us-east-2,us-east-2a,g5.16xlarge,a10g,24,spot,1.9215,,,ec2:describe-spot-price-history
2026-09-17T21:01:07+00:00,aws,us-east-2,us-east-2c,g5.24xlarge,a10g,24,spot,4.3152,,,ec2:describe-spot-price-history
2026-09-17T21:01:07+00:00,aws,us-east-2,us-east-2b,g5.24xlarge,a10g,24,spot,4.0765,,,ec2:describe-spot-price-history
2026-09-17T21:01:07+00:00,aws,us-east-2,us-east-2a,g5.24xlarge,a10g,24,spot,4.263,,,ec2:describe-spot-price-history
2026-09-17T21:01:07+00:00,aws,us-east-2,us-east-2c,g5.2xlarge,a10g,24,spot,0.6405,,,ec2:describe-spot-price-history
2026-09-17T21:01:07+00:00,aws,us-east-2,us-east-2b,g5.2xlarge,a10g,24,spot,0.6403,,,ec2:describe-spot-price-history
2026-09-17T21:01:07+00:00,aws,us-east-2,us-east-2a,g5.2xlarge,a10g,24,spot,0.7102,,,ec2:describe-spot-price-history
2026-09-17T21:01:07+00:00,aws,us-east-2,us-east-2c,g5.48xlarge,a10g,24,spot,7.7939,,,ec2:describe-spot-price-history
2026-09-17T21:01:07+00:00,aws,us-east-2,us-east-2a,g5.48xlarge,a10g,24,spot,14.6592,,,ec2:describe-spot-price-history
2026-09-17T21:01:07+00:00,aws,us-east-2,us-east-2b,g5.48xlarge,a10g,24,spot,9.7289,,,ec2:describe-spot-price-history
2026-09-17T21:01:07+00:00,aws,us-east-2,us-east-2b,g5.4xlarge,a10g,24,spot,0.8694,,,ec2:describe-spot-price-history
2026-09-17T21:01:07+00:00,aws,us-east-2,us-east-2c,g5.4xlarge,a10g,24,spot,0.8599,,,ec2:describe-spot-price-history
2026-09-17T21:01:07+00:00,aws,us-east-2,us-east-2a,g5.4xlarge,a10g,24,spot,0.8755,,,ec2:describe-spot-price-history
2026-09-17T21:01:07+00:00,aws,us-east-2,us-east-2b,g5.8xlarge,a10g,24,spot,1.242,,,ec2:describe-spot-price-history
2026-09-17T21:01:07+00:00,aws,us-east-2,us-east-2c,g5.8xlarge,a10g,24,spot,1.228,,,ec2:describe-spot-price-history
2026-09-17T21:01:07+00:00,aws,us-east-2,us-east-2a,g5.8xlarge,a10g,24,spot,1.2174,,,ec2:describe-spot-price-history
2026-09-17T21:01:07+00:00,aws,us-east-2,us-east-2c,g5.xlarge,a10g,24,spot,0.5224,,,ec2:describe-spot-price-history
2026-09-17T21:01:07+00:00,aws,us-east-2,us-east-2b,g5.xlarge,a10g,24,spot,0.5299,,,ec2:describe-spot-price-history
2026-09-17T21:01:07+00:00,aws,us-east-2,us-east-2a,g5.xlarge,a10g,24,spot,0.5292,,,ec2:describe-spot-price-history
2026-09-17T21:01:07+00:00,aws,us-east-2,us-east-2a,g6.12xlarge,l4,24,spot,2.506,,,ec2:describe-spot-price-history
2026-09-17T21:01:07+00:00,aws,us-east-2,us-east-2b,g6.12xlarge,l4,24,spot,2.4216,,,ec2:describe-spot-price-history
2026-09-17T21:01:07+00:00,aws,us-east-2,us-east-2c,g6.12xlarge,l4,24,spot,2.4223,,,ec2:describe-spot-price-history
2026-09-17T21:01:07+00:00,aws,us-east-2,us-east-2c,g6.16xlarge,l4,24,spot,1.6297,,,ec2:describe-spot-price-history
2026-09-17T21:01:07+00:00,aws,us-east-2,us-east-2a,g6.16xlarge,l4,24,spot,1.5893,,,ec2:describe-spot-price-history
2026-09-17T21:01:07+00:00,aws,us-east-2,us-east-2b,g6.16xlarge,l4,24,spot,1.6083,,,ec2:describe-spot-price-history
2026-09-17T21:01:07+00:00,aws,us-east-2,us-east-2b,g6.24xlarge,l4,24,spot,3.2175,,,ec2:describe-spot-price-history
2026-09-17T21:01:07+00:00,aws,us-east-2,us-east-2c,g6.24xlarge,l4,24,spot,3.1321,,,ec2:describe-spot-price-history
2026-09-17T21:01:07+00:00,aws,us-east-2,us-east-2a,g6.24xlarge,l4,24,spot,3.3433,,,ec2:describe-spot-price-history
2026-09-17T21:01:07+00:00,aws,us-east-2,us-east-2a,g6.2xlarge,l4,24,spot,0.4924,,,ec2:describe-spot-price-history
2026-09-17T21:01:07+00:00,aws,us-east-2,us-east-2b,g6.2xlarge,l4,24,spot,0.4856,,,ec2:describe-spot-price-history
2026-09-17T21:01:07+00:00,aws,us-east-2,us-east-2c,g6.2xlarge,l4,24,spot,0.4884,,,ec2:describe-spot-price-history
2026-09-17T21:01:07+00:00,aws,us-east-2,us-east-2c,g6.48xlarge,l4,24,spot,7.0386,,,ec2:describe-spot-price-history
2026-09-17T21:01:07+00:00,aws,us-east-2,us-east-2b,g6.48xlarge,l4,24,spot,7.1176,,,ec2:describe-spot-price-history
2026-09-17T21:01:07+00:00,aws,us-east-2,us-east-2a,g6.48xlarge,l4,24,spot,7.2117,,,ec2:describe-spot-price-history
2026-09-17T21:01:07+00:00,aws,us-east-2,us-east-2a,g6.4xlarge,l4,24,spot,0.6856,,,ec2:describe-spot-price-history
2026-09-17T21:01:07+00:00,aws,us-east-2,us-east-2b,g6.4xlarge,l4,24,spot,0.666,,,ec2:describe-spot-price-history
2026-09-17T21:01:07+00:00,aws,us-east-2,us-east-2c,g6.4xlarge,l4,24,spot,0.6772,,,ec2:describe-spot-price-history
2026-09-17T21:01:07+00:00,aws,us-east-2,us-east-2c,g6.8xlarge,l4,24,spot,0.9654,,,ec2:describe-spot-price-history
2026-09-17T21:01:07+00:00,aws,us-east-2,us-east-2b,g6.8xlarge,l4,24,spot,0.9652,,,ec2:describe-spot-price-history
2026-09-17T21:01:07+00:00,aws,us-east-2,us-east-2a,g6.8xlarge,l4,24,spot,0.9687,,,ec2:describe-spot-price-history
2026-09-17T21:01:07+00:00,aws,us-east-2,us-east-2c,g6.xlarge,l4,24,spot,0.3964,,,ec2:describe-spot-price-history
2026-09-17T21:01:07+00:00,aws,us-east-2,us-east-2a,g6.xlarge,l4,24,spot,0.4113,,,ec2:describe-spot-price-history
2026-09-17T21:01:07+00:00,aws,us-east-2,us-east-2b,g6.xlarge,l4,24,spot,0.4054,,,ec2:describe-spot-price-history
2026-09-17T21:01:07+00:00,aws,us-east-2,us-east-2c,g6e.12xlarge,l40s,48,spot,5.1137,,,ec2:describe-spot-price-history
2026-09-17T21:01:07+00:00,aws,us-east-2,us-east-2a,g6e.12xlarge,l40s,48,spot,5.179,,,ec2:describe-spot-price-history
2026-09-17T21:01:07+00:00,aws,us-east-2,us-east-2b,g6e.12xlarge,l40s,48,spot,5.1407,,,ec2:describe-spot-price-history
2026-09-17T21:01:07+00:00,aws,us-east-2,us-east-2a,g6e.16xlarge,l40s,48,spot,3.8644,,,ec2:describe-spot-price-history
2026-09-17T21:01:07+00:00,aws,us-east-2,us-east-2b,g6e.16xlarge,l40s,48,spot,3.7674,,,ec2:describe-spot-price-history
2026-09-17T21:01:07+00:00,aws,us-east-2,us-east-2c,g6e.16xlarge,l40s,48,spot,3.8501,,,ec2:describe-spot-price-history
2026-09-17T21:01:07+00:00,aws,us-east-2,us-east-2c,g6e.24xlarge,l40s,48,spot,8.5361,,,ec2:describe-spot-price-history
2026-09-17T21:01:07+00:00,aws,us-east-2,us-east-2b,g6e.24xlarge,l40s,48,spot,6.8347,,,ec2:describe-spot-price-history
2026-09-17T21:01:07+00:00,aws,us-east-2,us-east-2a,g6e.24xlarge,l40s,48,spot,9.6017,,,ec2:describe-spot-price-history
2026-09-17T21:01:07+00:00,aws,us-east-2,us-east-2b,g6e.2xlarge,l40s,48,spot,1.2782,,,ec2:describe-spot-price-history
2026-09-17T21:01:07+00:00,aws,us-east-2,us-east-2c,g6e.2xlarge,l40s,48,spot,1.2845,,,ec2:describe-spot-price-history
2026-09-17T21:01:07+00:00,aws,us-east-2,us-east-2a,g6e.2xlarge,l40s,48,spot,1.1578,,,ec2:describe-spot-price-history
2026-09-17T21:01:07+00:00,aws,us-east-2,us-east-2b,g6e.48xlarge,l40s,48,spot,18.9821,,,ec2:describe-spot-price-history
2026-09-17T21:01:07+00:00,aws,us-east-2,us-east-2c,g6e.48xlarge,l40s,48,spot,18.8414,,,ec2:describe-spot-price-history
2026-09-17T21:01:07+00:00,aws,us-east-2,us-east-2a,g6e.48xlarge,l40s,48,spot,13.559,,,ec2:describe-spot-price-history
2026-09-17T21:01:07+00:00,aws,us-east-2,us-east-2a,g6e.4xlarge,l40s,48,spot,1.55,,,ec2:describe-spot-price-history
2026-09-17T21:01:07+00:00,aws,us-east-2,us-east-2c,g6e.4xlarge,l40s,48,spot,1.5847,,,ec2:describe-spot-price-history
2026-09-17T21:01:07+00:00,aws,us-east-2,us-east-2b,g6e.4xlarge,l40s,48,spot,1.6369,,,ec2:describe-spot-price-history
2026-09-17T21:01:07+00:00,aws,us-east-2,us-east-2b,g6e.8xlarge,l40s,48,spot,2.2432,,,ec2:describe-spot-price-history
2026-09-17T21:01:07+00:00,aws,us-east-2,us-east-2a,g6e.8xlarge,l40s,48,spot,2.2559,,,ec2:describe-spot-price-history
2026-09-17T21:01:07+00:00,aws,us-east-2,us-east-2c,g6e.8xlarge,l40s,48,spot,2.3064,,,ec2:describe-spot-price-history
2026-09-17T21:01:07+00:00,aws,us-east-2,us-east-2a,g6e.xlarge,l40s,48,spot,1.0141,,,ec2:describe-spot-price-history
2026-09-17T21:01:07+00:00,aws,us-east-2,us-east-2c,g6e.xlarge,l40s,48,spot,1.1806,,,ec2:describe-spot-price-history
2026-09-17T21:01:07+00:00,aws,us-east-2,us-east-2b,g6e.xlarge,l40s,48,spot,1.1064,,,ec2:describe-spot-price-history
2026-09-17T21:01:07+00:00,aws,us-east-2,us-east-2a,g6f.2xlarge,l4,24,spot,0.2311,,,ec2:describe-spot-price-history
2026-09-17T21:01:07+00:00,aws,us-east-2,us-east-2b,g6f.2xlarge,l4,24,spot,0.2138,,,ec2:describe-spot-price-history
2026-09-17T21:01:07+00:00,aws,us-east-2,us-east-2c,g6f.2xlarge,l4,24,spot,0.2146,,,ec2:describe-spot-price-history
2026-09-17T21:01:07+00:00,aws,us-east-2,us-east-2a,g6f.4xlarge,l4,24,spot,0.4322,,,ec2:describe-spot-price-history
2026-09-17T21:01:07+00:00,aws,us-east-2,us-east-2b,g6f.4xlarge,l4,24,spot,0.4443,,,ec2:describe-spot-price-history
2026-09-17T21:01:07+00:00,aws,us-east-2,us-east-2c,g6f.4xlarge,l4,24,spot,0.4594,,,ec2:describe-spot-price-history
2026-09-17T21:01:07+00:00,aws,us-east-2,us-east-2a,g6f.large,l4,24,spot,0.1047,,,ec2:describe-spot-price-history
2026-09-17T21:01:07+00:00,aws,us-east-2,us-east-2c,g6f.large,l4,24,spot,0.0917,,,ec2:describe-spot-price-history
2026-09-17T21:01:07+00:00,aws,us-east-2,us-east-2b,g6f.large,l4,24,spot,0.0911,,,ec2:describe-spot-price-history
2026-09-17T21:01:07+00:00,aws,us-east-2,us-east-2c,g6f.xlarge,l4,24,spot,0.1122,,,ec2:describe-spot-price-history
2026-09-17T21:01:07+00:00,aws,us-east-2,us-east-2a,g6f.xlarge,l4,24,spot,0.1138,,,ec2:describe-spot-price-history
2026-09-17T21:01:07+00:00,aws,us-east-2,us-east-2b,g6f.xlarge,l4,24,spot,0.1165,,,ec2:describe-spot-price-history
2026-09-17T21:01:07+00:00,aws,us-east-2,us-east-2c,g7.12xlarge,rtx_pro_4500,32,spot,3.2086,,,ec2:describe-spot-price-history
2026-09-17T21:01:07+00:00,aws,us-east-2,us-east-2b,g7.12xlarge,rtx_pro_4500,32,spot,3.2148,,,ec2:describe-spot-price-history
2026-09-17T21:01:07+00:00,aws,us-east-2,us-east-2a,g7.12xlarge,rtx_pro_4500,32,spot,3.2136,,,ec2:describe-spot-price-history
2026-09-17T21:01:07+00:00,aws,us-east-2,us-east-2b,g7.24xlarge,rtx_pro_4500,32,spot,6.4624,,,ec2:describe-spot-price-history
2026-09-17T21:01:07+00:00,aws,us-east-2,us-east-2c,g7.24xlarge,rtx_pro_4500,32,spot,6.4222,,,ec2:describe-spot-price-history
2026-09-17T21:01:07+00:00,aws,us-east-2,us-east-2a,g7.24xlarge,rtx_pro_4500,32,spot,6.4975,,,ec2:describe-spot-price-history
2026-09-17T21:01:07+00:00,aws,us-east-2,us-east-2c,g7.2xlarge,rtx_pro_4500,32,spot,1.1833,,,ec2:describe-spot-price-history
2026-09-17T21:01:07+00:00,aws,us-east-2,us-east-2a,g7.2xlarge,rtx_pro_4500,32,spot,1.1964,,,ec2:describe-spot-price-history
2026-09-17T21:01:07+00:00,aws,us-east-2,us-east-2b,g7.2xlarge,rtx_pro_4500,32,spot,1.1868,,,ec2:describe-spot-price-history
2026-09-17T21:01:07+00:00,aws,us-east-2,us-east-2c,g7.48xlarge,rtx_pro_4500,32,spot,12.8683,,,ec2:describe-spot-price-history
2026-09-17T21:01:07+00:00,aws,us-east-2,us-east-2b,g7.48xlarge,rtx_pro_4500,32,spot,12.8633,,,ec2:describe-spot-price-history
2026-09-17T21:01:07+00:00,aws,us-east-2,us-east-2a,g7.48xlarge,rtx_pro_4500,32,spot,12.915,,,ec2:describe-spot-price-history
2026-09-17T21:01:07+00:00,aws,us-east-2,us-east-2b,g7.4xlarge,rtx_pro_4500,32,spot,1.3809,,,ec2:describe-spot-price-history
2026-09-17T21:01:07+00:00,aws,us-east-2,us-east-2c,g7.4xlarge,rtx_pro_4500,32,spot,1.3867,,,ec2:describe-spot-price-history
2026-09-17T21:01:07+00:00,aws,us-east-2,us-east-2a,g7.4xlarge,rtx_pro_4500,32,spot,1.3886,,,ec2:describe-spot-price-history
2026-09-17T21:01:07+00:00,aws,us-east-2,us-east-2a,g7.8xlarge,rtx_pro_4500,32,spot,1.854,,,ec2:describe-spot-price-history
2026-09-17T21:01:07+00:00,aws,us-east-2,us-east-2c,g7.8xlarge,rtx_pro_4500,32,spot,1.8421,,,ec2:describe-spot-price-history
2026-09-17T21:01:07+00:00,aws,us-east-2,us-east-2b,g7.8xlarge,rtx_pro_4500,32,spot,1.845,,,ec2:describe-spot-price-history
2026-09-17T21:01:07+00:00,aws,us-east-2,us-east-2b,g7e.12xlarge,rtx_pro_6000,96,spot,4.521,,,ec2:describe-spot-price-history
2026-09-17T21:01:07+00:00,aws,us-east-2,us-east-2a,g7e.12xlarge,rtx_pro_6000,96,spot,4.9649,,,ec2:describe-spot-price-history
2026-09-17T21:01:07+00:00,aws,us-east-2,us-east-2b,g7e.24xlarge,rtx_pro_6000,96,spot,9.0367,,,ec2:describe-spot-price-history
2026-09-17T21:01:07+00:00,aws,us-east-2,us-east-2a,g7e.24xlarge,rtx_pro_6000,96,spot,8.6707,,,ec2:describe-spot-price-history
2026-09-17T21:01:07+00:00,aws,us-east-2,us-east-2a,g7e.2xlarge,rtx_pro_6000,96,spot,2.172,,,ec2:describe-spot-price-history
2026-09-17T21:01:07+00:00,aws,us-east-2,us-east-2b,g7e.2xlarge,rtx_pro_6000,96,spot,1.8943,,,ec2:describe-spot-price-history
2026-09-17T21:01:07+00:00,aws,us-east-2,us-east-2b,g7e.48xlarge,rtx_pro_6000,96,spot,17.1979,,,ec2:describe-spot-price-history
2026-09-17T21:01:07+00:00,aws,us-east-2,us-east-2a,g7e.48xlarge,rtx_pro_6000,96,spot,17.2748,,,ec2:describe-spot-price-history
2026-09-17T21:01:07+00:00,aws,us-east-2,us-east-2b,g7e.4xlarge,rtx_pro_6000,96,spot,2.6891,,,ec2:describe-spot-price-history
2026-09-17T21:01:07+00:00,aws,us-east-2,us-east-2a,g7e.4xlarge,rtx_pro_6000,96,spot,3.0387,,,ec2:describe-spot-price-history
2026-09-17T21:01:07+00:00,aws,us-east-2,us-east-2a,g7e.8xlarge,rtx_pro_6000,96,spot,3.5722,,,ec2:describe-spot-price-history
2026-09-17T21:01:07+00:00,aws,us-east-2,us-east-2b,g7e.8xlarge,rtx_pro_6000,96,spot,3.3536,,,ec2:describe-spot-price-history
2026-09-17T21:01:07+00:00,aws,us-east-2,us-east-2b,p5.48xlarge,h100,80,spot,20.417,,,ec2:describe-spot-price-history
2026-09-17T21:01:07+00:00,aws,us-east-2,us-east-2a,p5.48xlarge,h100,80,spot,20.2634,,,ec2:describe-spot-price-history
2026-09-17T21:01:07+00:00,aws,us-east-2,us-east-2c,p5.48xlarge,h100,80,spot,20.2267,,,ec2:describe-spot-price-history
2026-09-17T21:01:07+00:00,aws,us-east-2,us-east-2b,p5.4xlarge,h100,80,spot,2.487,,,ec2:describe-spot-price-history
2026-09-17T21:01:07+00:00,aws,us-east-2,us-east-2a,p5.4xlarge,h100,80,spot,2.6295,,,ec2:describe-spot-price-history
2026-09-17T21:01:07+00:00,aws,us-east-2,us-east-2c,p5e.48xlarge,h200,141,spot,25.1918,,,ec2:describe-spot-price-history
2026-09-17T21:01:07+00:00,aws,us-east-2,us-east-2a,p5e.48xlarge,h200,141,spot,24.4787,,,ec2:describe-spot-price-history
2026-09-17T21:01:07+00:00,aws,us-east-2,us-east-2b,p5e.48xlarge,h200,141,spot,25.1918,,,ec2:describe-spot-price-history
2026-09-17T21:01:07+00:00,aws,us-east-2,us-east-2b,p5en.48xlarge,h200,141,spot,27.0405,,,ec2:describe-spot-price-history
2026-09-17T21:01:07+00:00,aws,us-east-2,us-east-2a,p5en.48xlarge,h200,141,spot,27.0903,,,ec2:describe-spot-price-history
2026-09-17T21:01:07+00:00,aws,us-east-2,us-east-2c,p5en.48xlarge,h200,141,spot,27.3692,,,ec2:describe-spot-price-history
2026-09-17T21:01:07+00:00,aws,us-east-2,us-east-2a,p6-b200.48xlarge,b200,180,spot,42.2734,,,ec2:describe-spot-price-history
2026-09-17T21:01:07+00:00,aws,us-east-2,us-east-2b,p6-b200.48xlarge,b200,180,spot,42.3233,,,ec2:describe-spot-price-history
2026-09-17T21:01:07+00:00,aws,us-east-2,us-east-2c,p6-b200.48xlarge,b200,180,spot,42.4741,,,ec2:describe-spot-price-history
2026-09-17T21:01:20+00:00,aws,us-east-2,,g5.12xlarge,a10g,24,ondemand,5.672,,,pricing:get-products
2026-09-17T21:01:20+00:00,aws,us-east-2,,g5.16xlarge,a10g,24,ondemand,4.096,,,pricing:get-products
2026-09-17T21:01:20+00:00,aws,us-east-2,,g5.24xlarge,a10g,24,ondemand,8.144,,,pricing:get-products
2026-09-17T21:01:20+00:00,aws,us-east-2,,g5.2xlarge,a10g,24,ondemand,1.212,,,pricing:get-products
2026-09-17T21:01:20+00:00,aws,us-east-2,,g5.48xlarge,a10g,24,ondemand,16.288,,,pricing:get-products
2026-09-17T21:01:20+00:00,aws,us-east-2,,g5.4xlarge,a10g,24,ondemand,1.624,,,pricing:get-products
2026-09-17T21:01:20+00:00,aws,us-east-2,,g5.8xlarge,a10g,24,ondemand,2.448,,,pricing:get-products
2026-09-17T21:01:20+00:00,aws,us-east-2,,g5.xlarge,a10g,24,ondemand,1.006,,,pricing:get-products
2026-09-17T21:01:20+00:00,aws,us-east-2,,g6.12xlarge,l4,24,ondemand,4.6016,,,pricing:get-products
2026-09-17T21:01:20+00:00,aws,us-east-2,,g6.16xlarge,l4,24,ondemand,3.3968,,,pricing:get-products
2026-09-17T21:01:20+00:00,aws,us-east-2,,g6.24xlarge,l4,24,ondemand,6.6752,,,pricing:get-products
2026-09-17T21:01:20+00:00,aws,us-east-2,,g6.2xlarge,l4,24,ondemand,0.9776,,,pricing:get-products
2026-09-17T21:01:20+00:00,aws,us-east-2,,g6.48xlarge,l4,24,ondemand,13.3504,,,pricing:get-products
2026-09-17T21:01:20+00:00,aws,us-east-2,,g6.4xlarge,l4,24,ondemand,1.3232,,,pricing:get-products
2026-09-17T21:01:20+00:00,aws,us-east-2,,g6.8xlarge,l4,24,ondemand,2.0144,,,pricing:get-products
2026-09-17T21:01:20+00:00,aws,us-east-2,,g6.xlarge,l4,24,ondemand,0.8048,,,pricing:get-products
2026-09-17T21:01:20+00:00,aws,us-east-2,,g6e.12xlarge,l40s,48,ondemand,10.49264,,,pricing:get-products
2026-09-17T21:01:20+00:00,aws,us-east-2,,g6e.16xlarge,l40s,48,ondemand,7.57719,,,pricing:get-products
2026-09-17T21:01:20+00:00,aws,us-east-2,,g6e.24xlarge,l40s,48,ondemand,15.06559,,,pricing:get-products
2026-09-17T21:01:20+00:00,aws,us-east-2,,g6e.2xlarge,l40s,48,ondemand,2.24208,,,pricing:get-products
2026-09-17T21:01:20+00:00,aws,us-east-2,,g6e.48xlarge,l40s,48,ondemand,30.13118,,,pricing:get-products
2026-09-17T21:01:20+00:00,aws,us-east-2,,g6e.4xlarge,l40s,48,ondemand,3.00424,,,pricing:get-products
2026-09-17T21:01:20+00:00,aws,us-east-2,,g6e.8xlarge,l40s,48,ondemand,4.52856,,,pricing:get-products
2026-09-17T21:01:20+00:00,aws,us-east-2,,g6e.xlarge,l40s,48,ondemand,1.861,,,pricing:get-products
2026-09-17T21:01:20+00:00,aws,us-east-2,,g6f.2xlarge,l4,24,ondemand,0.475,,,pricing:get-products
2026-09-17T21:01:20+00:00,aws,us-east-2,,g6f.4xlarge,l4,24,ondemand,0.95,,,pricing:get-products
2026-09-17T21:01:20+00:00,aws,us-east-2,,g6f.large,l4,24,ondemand,0.202,,,pricing:get-products
2026-09-17T21:01:20+00:00,aws,us-east-2,,g6f.xlarge,l4,24,ondemand,0.2375,,,pricing:get-products
2026-09-17T21:01:20+00:00,aws,us-east-2,,g7.12xlarge,rtx_pro_4500,32,ondemand,7.12832,,,pricing:get-products
2026-09-17T21:01:20+00:00,aws,us-east-2,,g7.24xlarge,rtx_pro_4500,32,ondemand,14.25664,,,pricing:get-products
2026-09-17T21:01:20+00:00,aws,us-east-2,,g7.2xlarge,rtx_pro_4500,32,ondemand,2.52,,,pricing:get-products
2026-09-17T21:01:20+00:00,aws,us-east-2,,g7.48xlarge,rtx_pro_4500,32,ondemand,28.51328,,,pricing:get-products
2026-09-17T21:01:20+00:00,aws,us-east-2,,g7.4xlarge,rtx_pro_4500,32,ondemand,3.04208,,,pricing:get-products
2026-09-17T21:01:20+00:00,aws,us-east-2,,g7.8xlarge,rtx_pro_4500,32,ondemand,4.08624,,,pricing:get-products
2026-09-17T21:01:20+00:00,aws,us-east-2,,g7e.12xlarge,rtx_pro_6000,96,ondemand,8.28608,,,pricing:get-products
2026-09-17T21:01:20+00:00,aws,us-east-2,,g7e.24xlarge,rtx_pro_6000,96,ondemand,16.57216,,,pricing:get-products
2026-09-17T21:01:20+00:00,aws,us-east-2,,g7e.2xlarge,rtx_pro_6000,96,ondemand,3.36312,,,pricing:get-products
2026-09-17T21:01:20+00:00,aws,us-east-2,,g7e.48xlarge,rtx_pro_6000,96,ondemand,33.14432,,,pricing:get-products
2026-09-17T21:01:20+00:00,aws,us-east-2,,g7e.4xlarge,rtx_pro_6000,96,ondemand,3.99816,,,pricing:get-products
2026-09-17T21:01:20+00:00,aws,us-east-2,,g7e.8xlarge,rtx_pro_6000,96,ondemand,5.26824,,,pricing:get-products
2026-09-17T21:01:20+00:00,aws,us-east-2,,p5.48xlarge,h100,80,ondemand,55.04,,,pricing:get-products
2026-09-17T21:01:20+00:00,aws,us-east-2,,p5.4xlarge,h100,80,ondemand,6.88,,,pricing:get-products
2026-09-17T21:01:20+00:00,aws,us-east-2,,p6-b200.48xlarge,b200,180,ondemand,113.9328,,,pricing:get-products
2026-09-17T21:01:24+00:00,aws,us-east-2,,g5.12xlarge,a10g,24,commit1y,3.33514,8760,All Upfront,savingsplans:describe-savings-plans-offering-rates
2026-09-17T21:01:24+00:00,aws,us-east-2,,g5.12xlarge,a10g,24,commit1y,3.33514,8760,All Upfront,savingsplans:describe-savings-plans-offering-rates
2026-09-17T21:01:24+00:00,aws,us-east-2,,g5.12xlarge,a10g,24,commit3y,2.13267,26280,All Upfront,savingsplans:describe-savings-plans-offering-rates
2026-09-17T21:01:24+00:00,aws,us-east-2,,g5.12xlarge,a10g,24,commit3y,2.13267,26280,All Upfront,savingsplans:describe-savings-plans-offering-rates
2026-09-17T21:01:24+00:00,aws,us-east-2,,g5.16xlarge,a10g,24,commit1y,2.40845,8760,All Upfront,savingsplans:describe-savings-plans-offering-rates
2026-09-17T21:01:24+00:00,aws,us-east-2,,g5.16xlarge,a10g,24,commit1y,2.40845,8760,All Upfront,savingsplans:describe-savings-plans-offering-rates
2026-09-17T21:01:24+00:00,aws,us-east-2,,g5.16xlarge,a10g,24,commit3y,1.5401,26280,All Upfront,savingsplans:describe-savings-plans-offering-rates
2026-09-17T21:01:24+00:00,aws,us-east-2,,g5.16xlarge,a10g,24,commit3y,1.5401,26280,All Upfront,savingsplans:describe-savings-plans-offering-rates
2026-09-17T21:01:24+00:00,aws,us-east-2,,g5.24xlarge,a10g,24,commit1y,4.78867,8760,All Upfront,savingsplans:describe-savings-plans-offering-rates
2026-09-17T21:01:24+00:00,aws,us-east-2,,g5.24xlarge,a10g,24,commit1y,4.78867,8760,All Upfront,savingsplans:describe-savings-plans-offering-rates
2026-09-17T21:01:24+00:00,aws,us-east-2,,g5.24xlarge,a10g,24,commit3y,3.06214,26280,All Upfront,savingsplans:describe-savings-plans-offering-rates
2026-09-17T21:01:24+00:00,aws,us-east-2,,g5.24xlarge,a10g,24,commit3y,3.06214,26280,All Upfront,savingsplans:describe-savings-plans-offering-rates
2026-09-17T21:01:24+00:00,aws,us-east-2,,g5.2xlarge,a10g,24,commit1y,0.71266,8760,All Upfront,savingsplans:describe-savings-plans-offering-rates
2026-09-17T21:01:24+00:00,aws,us-east-2,,g5.2xlarge,a10g,24,commit1y,0.71266,8760,All Upfront,savingsplans:describe-savings-plans-offering-rates
2026-09-17T21:01:24+00:00,aws,us-east-2,,g5.2xlarge,a10g,24,commit3y,0.45571,26280,All Upfront,savingsplans:describe-savings-plans-offering-rates
2026-09-17T21:01:24+00:00,aws,us-east-2,,g5.2xlarge,a10g,24,commit3y,0.45571,26280,All Upfront,savingsplans:describe-savings-plans-offering-rates
2026-09-17T21:01:24+00:00,aws,us-east-2,,g5.48xlarge,a10g,24,commit1y,9.57734,8760,All Upfront,savingsplans:describe-savings-plans-offering-rates
2026-09-17T21:01:24+00:00,aws,us-east-2,,g5.48xlarge,a10g,24,commit1y,9.57734,8760,All Upfront,savingsplans:describe-savings-plans-offering-rates
2026-09-17T21:01:24+00:00,aws,us-east-2,,g5.48xlarge,a10g,24,commit3y,6.12429,26280,All Upfront,savingsplans:describe-savings-plans-offering-rates
2026-09-17T21:01:24+00:00,aws,us-east-2,,g5.48xlarge,a10g,24,commit3y,6.12429,26280,All Upfront,savingsplans:describe-savings-plans-offering-rates
2026-09-17T21:01:24+00:00,aws,us-east-2,,g5.4xlarge,a10g,24,commit1y,0.95491,8760,All Upfront,savingsplans:describe-savings-plans-offering-rates
2026-09-17T21:01:24+00:00,aws,us-east-2,,g5.4xlarge,a10g,24,commit1y,0.95491,8760,All Upfront,savingsplans:describe-savings-plans-offering-rates
2026-09-17T21:01:24+00:00,aws,us-east-2,,g5.4xlarge,a10g,24,commit3y,0.61062,26280,All Upfront,savingsplans:describe-savings-plans-offering-rates
2026-09-17T21:01:24+00:00,aws,us-east-2,,g5.4xlarge,a10g,24,commit3y,0.61062,26280,All Upfront,savingsplans:describe-savings-plans-offering-rates
2026-09-17T21:01:24+00:00,aws,us-east-2,,g5.8xlarge,a10g,24,commit1y,1.43942,8760,All Upfront,savingsplans:describe-savings-plans-offering-rates
2026-09-17T21:01:24+00:00,aws,us-east-2,,g5.8xlarge,a10g,24,commit1y,1.43942,8760,All Upfront,savingsplans:describe-savings-plans-offering-rates
2026-09-17T21:01:24+00:00,aws,us-east-2,,g5.8xlarge,a10g,24,commit3y,0.92045,26280,All Upfront,savingsplans:describe-savings-plans-offering-rates
2026-09-17T21:01:24+00:00,aws,us-east-2,,g5.8xlarge,a10g,24,commit3y,0.92045,26280,All Upfront,savingsplans:describe-savings-plans-offering-rates
2026-09-17T21:01:24+00:00,aws,us-east-2,,g5.xlarge,a10g,24,commit1y,0.59153,8760,All Upfront,savingsplans:describe-savings-plans-offering-rates
2026-09-17T21:01:24+00:00,aws,us-east-2,,g5.xlarge,a10g,24,commit1y,0.59153,8760,All Upfront,savingsplans:describe-savings-plans-offering-rates
2026-09-17T21:01:24+00:00,aws,us-east-2,,g5.xlarge,a10g,24,commit3y,0.37826,26280,All Upfront,savingsplans:describe-savings-plans-offering-rates
2026-09-17T21:01:24+00:00,aws,us-east-2,,g5.xlarge,a10g,24,commit3y,0.37826,26280,All Upfront,savingsplans:describe-savings-plans-offering-rates
2026-09-17T21:01:24+00:00,aws,us-east-2,,g6.12xlarge,l4,24,commit1y,2.79593,8760,All Upfront,savingsplans:describe-savings-plans-offering-rates
2026-09-17T21:01:24+00:00,aws,us-east-2,,g6.12xlarge,l4,24,commit1y,2.79593,8760,All Upfront,savingsplans:describe-savings-plans-offering-rates
2026-09-17T21:01:24+00:00,aws,us-east-2,,g6.12xlarge,l4,24,commit3y,1.83834,26280,All Upfront,savingsplans:describe-savings-plans-offering-rates
2026-09-17T21:01:24+00:00,aws,us-east-2,,g6.12xlarge,l4,24,commit3y,1.83834,26280,All Upfront,savingsplans:describe-savings-plans-offering-rates
2026-09-17T21:01:24+00:00,aws,us-east-2,,g6.16xlarge,l4,24,commit1y,2.0639,8760,All Upfront,savingsplans:describe-savings-plans-offering-rates
2026-09-17T21:01:24+00:00,aws,us-east-2,,g6.16xlarge,l4,24,commit1y,2.0639,8760,All Upfront,savingsplans:describe-savings-plans-offering-rates
2026-09-17T21:01:24+00:00,aws,us-east-2,,g6.16xlarge,l4,24,commit3y,1.35702,26280,All Upfront,savingsplans:describe-savings-plans-offering-rates
2026-09-17T21:01:24+00:00,aws,us-east-2,,g6.16xlarge,l4,24,commit3y,1.35702,26280,All Upfront,savingsplans:describe-savings-plans-offering-rates
2026-09-17T21:01:24+00:00,aws,us-east-2,,g6.24xlarge,l4,24,commit1y,4.05585,8760,All Upfront,savingsplans:describe-savings-plans-offering-rates
2026-09-17T21:01:24+00:00,aws,us-east-2,,g6.24xlarge,l4,24,commit1y,4.05585,8760,All Upfront,savingsplans:describe-savings-plans-offering-rates
2026-09-17T21:01:24+00:00,aws,us-east-2,,g6.24xlarge,l4,24,commit3y,2.66674,26280,All Upfront,savingsplans:describe-savings-plans-offering-rates
2026-09-17T21:01:24+00:00,aws,us-east-2,,g6.24xlarge,l4,24,commit3y,2.66674,26280,All Upfront,savingsplans:describe-savings-plans-offering-rates
2026-09-17T21:01:24+00:00,aws,us-east-2,,g6.2xlarge,l4,24,commit1y,0.59399,8760,All Upfront,savingsplans:describe-savings-plans-offering-rates
2026-09-17T21:01:24+00:00,aws,us-east-2,,g6.2xlarge,l4,24,commit1y,0.59399,8760,All Upfront,savingsplans:describe-savings-plans-offering-rates
2026-09-17T21:01:24+00:00,aws,us-east-2,,g6.2xlarge,l4,24,commit3y,0.39055,26280,All Upfront,savingsplans:describe-savings-plans-offering-rates
2026-09-17T21:01:24+00:00,aws,us-east-2,,g6.2xlarge,l4,24,commit3y,0.39055,26280,All Upfront,savingsplans:describe-savings-plans-offering-rates
2026-09-17T21:01:24+00:00,aws,us-east-2,,g6.48xlarge,l4,24,commit1y,8.1117,8760,All Upfront,savingsplans:describe-savings-plans-offering-rates
2026-09-17T21:01:24+00:00,aws,us-east-2,,g6.48xlarge,l4,24,commit1y,8.1117,8760,All Upfront,savingsplans:describe-savings-plans-offering-rates
2026-09-17T21:01:24+00:00,aws,us-east-2,,g6.48xlarge,l4,24,commit3y,5.33348,26280,All Upfront,savingsplans:describe-savings-plans-offering-rates
2026-09-17T21:01:24+00:00,aws,us-east-2,,g6.48xlarge,l4,24,commit3y,5.33348,26280,All Upfront,savingsplans:describe-savings-plans-offering-rates
2026-09-17T21:01:24+00:00,aws,us-east-2,,g6.4xlarge,l4,24,commit1y,0.80398,8760,All Upfront,savingsplans:describe-savings-plans-offering-rates
2026-09-17T21:01:24+00:00,aws,us-east-2,,g6.4xlarge,l4,24,commit1y,0.80398,8760,All Upfront,savingsplans:describe-savings-plans-offering-rates
2026-09-17T21:01:24+00:00,aws,us-east-2,,g6.4xlarge,l4,24,commit3y,0.52862,26280,All Upfront,savingsplans:describe-savings-plans-offering-rates
2026-09-17T21:01:24+00:00,aws,us-east-2,,g6.4xlarge,l4,24,commit3y,0.52862,26280,All Upfront,savingsplans:describe-savings-plans-offering-rates
2026-09-17T21:01:24+00:00,aws,us-east-2,,g6.8xlarge,l4,24,commit1y,1.22395,8760,All Upfront,savingsplans:describe-savings-plans-offering-rates
2026-09-17T21:01:24+00:00,aws,us-east-2,,g6.8xlarge,l4,24,commit1y,1.22395,8760,All Upfront,savingsplans:describe-savings-plans-offering-rates
2026-09-17T21:01:24+00:00,aws,us-east-2,,g6.8xlarge,l4,24,commit3y,0.80475,26280,All Upfront,savingsplans:describe-savings-plans-offering-rates
2026-09-17T21:01:24+00:00,aws,us-east-2,,g6.8xlarge,l4,24,commit3y,0.80475,26280,All Upfront,savingsplans:describe-savings-plans-offering-rates
2026-09-17T21:01:24+00:00,aws,us-east-2,,g6.xlarge,l4,24,commit1y,0.489,8760,All Upfront,savingsplans:describe-savings-plans-offering-rates
2026-09-17T21:01:24+00:00,aws,us-east-2,,g6.xlarge,l4,24,commit1y,0.489,8760,All Upfront,savingsplans:describe-savings-plans-offering-rates
2026-09-17T21:01:24+00:00,aws,us-east-2,,g6.xlarge,l4,24,commit3y,0.32152,26280,All Upfront,savingsplans:describe-savings-plans-offering-rates
2026-09-17T21:01:24+00:00,aws,us-east-2,,g6.xlarge,l4,24,commit3y,0.32152,26280,All Upfront,savingsplans:describe-savings-plans-offering-rates
2026-09-17T21:01:24+00:00,aws,us-east-2,,g6e.12xlarge,l40s,48,commit3y,3.94523,26280,All Upfront,savingsplans:describe-savings-plans-offering-rates
2026-09-17T21:01:24+00:00,aws,us-east-2,,g6e.12xlarge,l40s,48,commit3y,3.94523,26280,All Upfront,savingsplans:describe-savings-plans-offering-rates
2026-09-17T21:01:24+00:00,aws,us-east-2,,g6e.12xlarge,l40s,48,commit1y,6.16967,8760,All Upfront,savingsplans:describe-savings-plans-offering-rates
2026-09-17T21:01:24+00:00,aws,us-east-2,,g6e.12xlarge,l40s,48,commit1y,6.16967,8760,All Upfront,savingsplans:describe-savings-plans-offering-rates
2026-09-17T21:01:24+00:00,aws,us-east-2,,g6e.16xlarge,l40s,48,commit3y,2.84902,26280,All Upfront,savingsplans:describe-savings-plans-offering-rates
2026-09-17T21:01:24+00:00,aws,us-east-2,,g6e.16xlarge,l40s,48,commit3y,2.84902,26280,All Upfront,savingsplans:describe-savings-plans-offering-rates
2026-09-17T21:01:24+00:00,aws,us-east-2,,g6e.16xlarge,l40s,48,commit1y,4.45539,8760,All Upfront,savingsplans:describe-savings-plans-offering-rates
2026-09-17T21:01:24+00:00,aws,us-east-2,,g6e.16xlarge,l40s,48,commit1y,4.45539,8760,All Upfront,savingsplans:describe-savings-plans-offering-rates
2026-09-17T21:01:24+00:00,aws,us-east-2,,g6e.24xlarge,l40s,48,commit3y,5.66466,26280,All Upfront,savingsplans:describe-savings-plans-offering-rates
2026-09-17T21:01:24+00:00,aws,us-east-2,,g6e.24xlarge,l40s,48,commit3y,5.66466,26280,All Upfront,savingsplans:describe-savings-plans-offering-rates
2026-09-17T21:01:24+00:00,aws,us-east-2,,g6e.24xlarge,l40s,48,commit1y,8.85857,8760,All Upfront,savingsplans:describe-savings-plans-offering-rates
2026-09-17T21:01:24+00:00,aws,us-east-2,,g6e.24xlarge,l40s,48,commit1y,8.85857,8760,All Upfront,savingsplans:describe-savings-plans-offering-rates
2026-09-17T21:01:24+00:00,aws,us-east-2,,g6e.2xlarge,l40s,48,commit3y,0.84302,26280,All Upfront,savingsplans:describe-savings-plans-offering-rates
2026-09-17T21:01:24+00:00,aws,us-east-2,,g6e.2xlarge,l40s,48,commit3y,0.84302,26280,All Upfront,savingsplans:describe-savings-plans-offering-rates
2026-09-17T21:01:24+00:00,aws,us-east-2,,g6e.2xlarge,l40s,48,commit1y,1.31834,8760,All Upfront,savingsplans:describe-savings-plans-offering-rates
2026-09-17T21:01:24+00:00,aws,us-east-2,,g6e.2xlarge,l40s,48,commit1y,1.31834,8760,All Upfront,savingsplans:describe-savings-plans-offering-rates
2026-09-17T21:01:24+00:00,aws,us-east-2,,g6e.48xlarge,l40s,48,commit3y,11.32932,26280,All Upfront,savingsplans:describe-savings-plans-offering-rates
2026-09-17T21:01:24+00:00,aws,us-east-2,,g6e.48xlarge,l40s,48,commit3y,11.32932,26280,All Upfront,savingsplans:describe-savings-plans-offering-rates
2026-09-17T21:01:24+00:00,aws,us-east-2,,g6e.48xlarge,l40s,48,commit1y,17.71713,8760,All Upfront,savingsplans:describe-savings-plans-offering-rates
2026-09-17T21:01:24+00:00,aws,us-east-2,,g6e.48xlarge,l40s,48,commit1y,17.71713,8760,All Upfront,savingsplans:describe-savings-plans-offering-rates
2026-09-17T21:01:24+00:00,aws,us-east-2,,g6e.4xlarge,l40s,48,commit3y,1.12959,26280,All Upfront,savingsplans:describe-savings-plans-offering-rates
2026-09-17T21:01:24+00:00,aws,us-east-2,,g6e.4xlarge,l40s,48,commit3y,1.12959,26280,All Upfront,savingsplans:describe-savings-plans-offering-rates
2026-09-17T21:01:24+00:00,aws,us-east-2,,g6e.4xlarge,l40s,48,commit1y,1.76649,8760,All Upfront,savingsplans:describe-savings-plans-offering-rates
2026-09-17T21:01:24+00:00,aws,us-east-2,,g6e.4xlarge,l40s,48,commit1y,1.76649,8760,All Upfront,savingsplans:describe-savings-plans-offering-rates
2026-09-17T21:01:24+00:00,aws,us-east-2,,g6e.8xlarge,l40s,48,commit3y,1.70274,26280,All Upfront,savingsplans:describe-savings-plans-offering-rates
2026-09-17T21:01:24+00:00,aws,us-east-2,,g6e.8xlarge,l40s,48,commit3y,1.70274,26280,All Upfront,savingsplans:describe-savings-plans-offering-rates
2026-09-17T21:01:24+00:00,aws,us-east-2,,g6e.8xlarge,l40s,48,commit1y,2.66279,8760,All Upfront,savingsplans:describe-savings-plans-offering-rates
2026-09-17T21:01:24+00:00,aws,us-east-2,,g6e.8xlarge,l40s,48,commit1y,2.66279,8760,All Upfront,savingsplans:describe-savings-plans-offering-rates
2026-09-17T21:01:24+00:00,aws,us-east-2,,g6e.xlarge,l40s,48,commit3y,0.69974,26280,All Upfront,savingsplans:describe-savings-plans-offering-rates
2026-09-17T21:01:24+00:00,aws,us-east-2,,g6e.xlarge,l40s,48,commit3y,0.69974,26280,All Upfront,savingsplans:describe-savings-plans-offering-rates
2026-09-17T21:01:24+00:00,aws,us-east-2,,g6e.xlarge,l40s,48,commit1y,1.09427,8760,All Upfront,savingsplans:describe-savings-plans-offering-rates
2026-09-17T21:01:24+00:00,aws,us-east-2,,g6e.xlarge,l40s,48,commit1y,1.09427,8760,All Upfront,savingsplans:describe-savings-plans-offering-rates
2026-09-17T21:01:24+00:00,aws,us-east-2,,g6f.2xlarge,l4,24,commit3y,0.18976,26280,All Upfront,savingsplans:describe-savings-plans-offering-rates
2026-09-17T21:01:24+00:00,aws,us-east-2,,g6f.2xlarge,l4,24,commit3y,0.18976,26280,All Upfront,savingsplans:describe-savings-plans-offering-rates
2026-09-17T21:01:24+00:00,aws,us-east-2,,g6f.2xlarge,l4,24,commit1y,0.28861,8760,All Upfront,savingsplans:describe-savings-plans-offering-rates
2026-09-17T21:01:24+00:00,aws,us-east-2,,g6f.2xlarge,l4,24,commit1y,0.28861,8760,All Upfront,savingsplans:describe-savings-plans-offering-rates
2026-09-17T21:01:24+00:00,aws,us-east-2,,g6f.4xlarge,l4,24,commit3y,0.37953,26280,All Upfront,savingsplans:describe-savings-plans-offering-rates
2026-09-17T21:01:24+00:00,aws,us-east-2,,g6f.4xlarge,l4,24,commit3y,0.37953,26280,All Upfront,savingsplans:describe-savings-plans-offering-rates
2026-09-17T21:01:24+00:00,aws,us-east-2,,g6f.4xlarge,l4,24,commit1y,0.57722,8760,All Upfront,savingsplans:describe-savings-plans-offering-rates
2026-09-17T21:01:24+00:00,aws,us-east-2,,g6f.4xlarge,l4,24,commit1y,0.57722,8760,All Upfront,savingsplans:describe-savings-plans-offering-rates
2026-09-17T21:01:24+00:00,aws,us-east-2,,g6f.large,l4,24,commit3y,0.0807,26280,All Upfront,savingsplans:describe-savings-plans-offering-rates
2026-09-17T21:01:24+00:00,aws,us-east-2,,g6f.large,l4,24,commit3y,0.0807,26280,All Upfront,savingsplans:describe-savings-plans-offering-rates
2026-09-17T21:01:24+00:00,aws,us-east-2,,g6f.large,l4,24,commit1y,0.12274,8760,All Upfront,savingsplans:describe-savings-plans-offering-rates
2026-09-17T21:01:24+00:00,aws,us-east-2,,g6f.large,l4,24,commit1y,0.12274,8760,All Upfront,savingsplans:describe-savings-plans-offering-rates
2026-09-17T21:01:24+00:00,aws,us-east-2,,g6f.xlarge,l4,24,commit3y,0.09488,26280,All Upfront,savingsplans:describe-savings-plans-offering-rates
2026-09-17T21:01:24+00:00,aws,us-east-2,,g6f.xlarge,l4,24,commit3y,0.09488,26280,All Upfront,savingsplans:describe-savings-plans-offering-rates
2026-09-17T21:01:24+00:00,aws,us-east-2,,g6f.xlarge,l4,24,commit1y,0.14431,8760,All Upfront,savingsplans:describe-savings-plans-offering-rates
2026-09-17T21:01:24+00:00,aws,us-east-2,,g6f.xlarge,l4,24,commit1y,0.14431,8760,All Upfront,savingsplans:describe-savings-plans-offering-rates
2026-09-17T21:01:24+00:00,aws,us-east-2,,g7.12xlarge,rtx_pro_4500,32,commit1y,4.19145,8760,All Upfront,savingsplans:describe-savings-plans-offering-rates
2026-09-17T21:01:24+00:00,aws,us-east-2,,g7.12xlarge,rtx_pro_4500,32,commit1y,4.19145,8760,All Upfront,savingsplans:describe-savings-plans-offering-rates
2026-09-17T21:01:24+00:00,aws,us-east-2,,g7.12xlarge,rtx_pro_4500,32,commit3y,2.68025,26280,All Upfront,savingsplans:describe-savings-plans-offering-rates
2026-09-17T21:01:24+00:00,aws,us-east-2,,g7.12xlarge,rtx_pro_4500,32,commit3y,2.68025,26280,All Upfront,savingsplans:describe-savings-plans-offering-rates
2026-09-17T21:01:24+00:00,aws,us-east-2,,g7.24xlarge,rtx_pro_4500,32,commit1y,8.3829,8760,All Upfront,savingsplans:describe-savings-plans-offering-rates
2026-09-17T21:01:24+00:00,aws,us-east-2,,g7.24xlarge,rtx_pro_4500,32,commit1y,8.3829,8760,All Upfront,savingsplans:describe-savings-plans-offering-rates
2026-09-17T21:01:24+00:00,aws,us-east-2,,g7.24xlarge,rtx_pro_4500,32,commit3y,5.3605,26280,All Upfront,savingsplans:describe-savings-plans-offering-rates
2026-09-17T21:01:24+00:00,aws,us-east-2,,g7.24xlarge,rtx_pro_4500,32,commit3y,5.3605,26280,All Upfront,savingsplans:describe-savings-plans-offering-rates
2026-09-17T21:01:24+00:00,aws,us-east-2,,g7.2xlarge,rtx_pro_4500,32,commit1y,1.48176,8760,All Upfront,savingsplans:describe-savings-plans-offering-rates
2026-09-17T21:01:24+00:00,aws,us-east-2,,g7.2xlarge,rtx_pro_4500,32,commit1y,1.48176,8760,All Upfront,savingsplans:describe-savings-plans-offering-rates
2026-09-17T21:01:24+00:00,aws,us-east-2,,g7.2xlarge,rtx_pro_4500,32,commit3y,0.94752,26280,All Upfront,savingsplans:describe-savings-plans-offering-rates
2026-09-17T21:01:24+00:00,aws,us-east-2,,g7.2xlarge,rtx_pro_4500,32,commit3y,0.94752,26280,All Upfront,savingsplans:describe-savings-plans-offering-rates
2026-09-17T21:01:24+00:00,aws,us-east-2,,g7.48xlarge,rtx_pro_4500,32,commit1y,16.76581,8760,All Upfront,savingsplans:describe-savings-plans-offering-rates
2026-09-17T21:01:24+00:00,aws,us-east-2,,g7.48xlarge,rtx_pro_4500,32,commit1y,16.76581,8760,All Upfront,savingsplans:describe-savings-plans-offering-rates
2026-09-17T21:01:24+00:00,aws,us-east-2,,g7.48xlarge,rtx_pro_4500,32,commit3y,10.72099,26280,All Upfront,savingsplans:describe-savings-plans-offering-rates
2026-09-17T21:01:24+00:00,aws,us-east-2,,g7.48xlarge,rtx_pro_4500,32,commit3y,10.72099,26280,All Upfront,savingsplans:describe-savings-plans-offering-rates
2026-09-17T21:01:24+00:00,aws,us-east-2,,g7.4xlarge,rtx_pro_4500,32,commit1y,1.78874,8760,All Upfront,savingsplans:describe-savings-plans-offering-rates
2026-09-17T21:01:24+00:00,aws,us-east-2,,g7.4xlarge,rtx_pro_4500,32,commit1y,1.78874,8760,All Upfront,savingsplans:describe-savings-plans-offering-rates
2026-09-17T21:01:24+00:00,aws,us-east-2,,g7.4xlarge,rtx_pro_4500,32,commit3y,1.14382,26280,All Upfront,savingsplans:describe-savings-plans-offering-rates
2026-09-17T21:01:24+00:00,aws,us-east-2,,g7.4xlarge,rtx_pro_4500,32,commit3y,1.14382,26280,All Upfront,savingsplans:describe-savings-plans-offering-rates
2026-09-17T21:01:24+00:00,aws,us-east-2,,g7.8xlarge,rtx_pro_4500,32,commit1y,2.40271,8760,All Upfront,savingsplans:describe-savings-plans-offering-rates
2026-09-17T21:01:24+00:00,aws,us-east-2,,g7.8xlarge,rtx_pro_4500,32,commit1y,2.40271,8760,All Upfront,savingsplans:describe-savings-plans-offering-rates
2026-09-17T21:01:24+00:00,aws,us-east-2,,g7.8xlarge,rtx_pro_4500,32,commit3y,1.53643,26280,All Upfront,savingsplans:describe-savings-plans-offering-rates
2026-09-17T21:01:24+00:00,aws,us-east-2,,g7.8xlarge,rtx_pro_4500,32,commit3y,1.53643,26280,All Upfront,savingsplans:describe-savings-plans-offering-rates
2026-09-17T21:01:24+00:00,aws,us-east-2,,g7e.12xlarge,rtx_pro_6000,96,commit3y,3.11557,26280,All Upfront,savingsplans:describe-savings-plans-offering-rates
2026-09-17T21:01:24+00:00,aws,us-east-2,,g7e.12xlarge,rtx_pro_6000,96,commit3y,3.11557,26280,All Upfront,savingsplans:describe-savings-plans-offering-rates
2026-09-17T21:01:24+00:00,aws,us-east-2,,g7e.12xlarge,rtx_pro_6000,96,commit1y,4.87222,8760,All Upfront,savingsplans:describe-savings-plans-offering-rates
2026-09-17T21:01:24+00:00,aws,us-east-2,,g7e.12xlarge,rtx_pro_6000,96,commit1y,4.87222,8760,All Upfront,savingsplans:describe-savings-plans-offering-rates
2026-09-17T21:01:24+00:00,aws,us-east-2,,g7e.24xlarge,rtx_pro_6000,96,commit3y,6.23113,26280,All Upfront,savingsplans:describe-savings-plans-offering-rates
2026-09-17T21:01:24+00:00,aws,us-east-2,,g7e.24xlarge,rtx_pro_6000,96,commit3y,6.23113,26280,All Upfront,savingsplans:describe-savings-plans-offering-rates
2026-09-17T21:01:24+00:00,aws,us-east-2,,g7e.24xlarge,rtx_pro_6000,96,commit1y,9.74443,8760,All Upfront,savingsplans:describe-savings-plans-offering-rates
2026-09-17T21:01:24+00:00,aws,us-east-2,,g7e.24xlarge,rtx_pro_6000,96,commit1y,9.74443,8760,All Upfront,savingsplans:describe-savings-plans-offering-rates
2026-09-17T21:01:24+00:00,aws,us-east-2,,g7e.2xlarge,rtx_pro_6000,96,commit3y,1.26453,26280,All Upfront,savingsplans:describe-savings-plans-offering-rates
2026-09-17T21:01:24+00:00,aws,us-east-2,,g7e.2xlarge,rtx_pro_6000,96,commit3y,1.26453,26280,All Upfront,savingsplans:describe-savings-plans-offering-rates
2026-09-17T21:01:24+00:00,aws,us-east-2,,g7e.2xlarge,rtx_pro_6000,96,commit1y,1.97751,8760,All Upfront,savingsplans:describe-savings-plans-offering-rates
2026-09-17T21:01:24+00:00,aws,us-east-2,,g7e.2xlarge,rtx_pro_6000,96,commit1y,1.97751,8760,All Upfront,savingsplans:describe-savings-plans-offering-rates
2026-09-17T21:01:24+00:00,aws,us-east-2,,g7e.48xlarge,rtx_pro_6000,96,commit3y,12.46226,26280,All Upfront,savingsplans:describe-savings-plans-offering-rates
2026-09-17T21:01:24+00:00,aws,us-east-2,,g7e.48xlarge,rtx_pro_6000,96,commit3y,12.46226,26280,All Upfront,savingsplans:describe-savings-plans-offering-rates
2026-09-17T21:01:24+00:00,aws,us-east-2,,g7e.48xlarge,rtx_pro_6000,96,commit1y,19.48886,8760,All Upfront,savingsplans:describe-savings-plans-offering-rates
2026-09-17T21:01:24+00:00,aws,us-east-2,,g7e.48xlarge,rtx_pro_6000,96,commit1y,19.48886,8760,All Upfront,savingsplans:describe-savings-plans-offering-rates
2026-09-17T21:01:24+00:00,aws,us-east-2,,g7e.4xlarge,rtx_pro_6000,96,commit3y,1.50331,26280,All Upfront,savingsplans:describe-savings-plans-offering-rates
2026-09-17T21:01:24+00:00,aws,us-east-2,,g7e.4xlarge,rtx_pro_6000,96,commit3y,1.50331,26280,All Upfront,savingsplans:describe-savings-plans-offering-rates
2026-09-17T21:01:24+00:00,aws,us-east-2,,g7e.4xlarge,rtx_pro_6000,96,commit1y,2.35092,8760,All Upfront,savingsplans:describe-savings-plans-offering-rates
2026-09-17T21:01:24+00:00,aws,us-east-2,,g7e.4xlarge,rtx_pro_6000,96,commit1y,2.35092,8760,All Upfront,savingsplans:describe-savings-plans-offering-rates
2026-09-17T21:01:24+00:00,aws,us-east-2,,g7e.8xlarge,rtx_pro_6000,96,commit3y,1.98086,26280,All Upfront,savingsplans:describe-savings-plans-offering-rates
2026-09-17T21:01:24+00:00,aws,us-east-2,,g7e.8xlarge,rtx_pro_6000,96,commit3y,1.98086,26280,All Upfront,savingsplans:describe-savings-plans-offering-rates
2026-09-17T21:01:24+00:00,aws,us-east-2,,g7e.8xlarge,rtx_pro_6000,96,commit1y,3.09773,8760,All Upfront,savingsplans:describe-savings-plans-offering-rates
2026-09-17T21:01:24+00:00,aws,us-east-2,,g7e.8xlarge,rtx_pro_6000,96,commit1y,3.09773,8760,All Upfront,savingsplans:describe-savings-plans-offering-rates
2026-09-17T21:01:24+00:00,aws,us-east-2,,p5.48xlarge,h100,80,commit1y,32.36352,8760,All Upfront,savingsplans:describe-savings-plans-offering-rates
2026-09-17T21:01:24+00:00,aws,us-east-2,,p5.48xlarge,h100,80,commit1y,32.36352,8760,All Upfront,savingsplans:describe-savings-plans-offering-rates
2026-09-17T21:01:24+00:00,aws,us-east-2,,p5.48xlarge,h100,80,commit3y,20.69504,26280,All Upfront,savingsplans:describe-savings-plans-offering-rates
2026-09-17T21:01:24+00:00,aws,us-east-2,,p5.48xlarge,h100,80,commit3y,20.69504,26280,All Upfront,savingsplans:describe-savings-plans-offering-rates
2026-09-17T21:01:24+00:00,aws,us-east-2,,p5.4xlarge,h100,80,commit1y,4.04544,8760,All Upfront,savingsplans:describe-savings-plans-offering-rates
2026-09-17T21:01:24+00:00,aws,us-east-2,,p5.4xlarge,h100,80,commit1y,4.04544,8760,All Upfront,savingsplans:describe-savings-plans-offering-rates
2026-09-17T21:01:24+00:00,aws,us-east-2,,p5.4xlarge,h100,80,commit3y,2.58688,26280,All Upfront,savingsplans:describe-savings-plans-offering-rates
2026-09-17T21:01:24+00:00,aws,us-east-2,,p5.4xlarge,h100,80,commit3y,2.58688,26280,All Upfront,savingsplans:describe-savings-plans-offering-rates
2026-09-17T21:01:24+00:00,aws,us-east-2,,p5en.48xlarge,h200,141,commit1y,37.21805,8760,All Upfront,savingsplans:describe-savings-plans-offering-rates
2026-09-17T21:01:24+00:00,aws,us-east-2,,p5en.48xlarge,h200,141,commit1y,37.21805,8760,All Upfront,savingsplans:describe-savings-plans-offering-rates
2026-09-17T21:01:24+00:00,aws,us-east-2,,p5en.48xlarge,h200,141,commit3y,23.7993,26280,All Upfront,savingsplans:describe-savings-plans-offering-rates
2026-09-17T21:01:24+00:00,aws,us-east-2,,p5en.48xlarge,h200,141,commit3y,23.7993,26280,All Upfront,savingsplans:describe-savings-plans-offering-rates
2026-09-17T21:01:24+00:00,aws,us-east-2,,p6-b200.48xlarge,b200,180,commit3y,42.83873,26280,All Upfront,savingsplans:describe-savings-plans-offering-rates
2026-09-17T21:01:24+00:00,aws,us-east-2,,p6-b200.48xlarge,b200,180,commit3y,42.83873,26280,All Upfront,savingsplans:describe-savings-plans-offering-rates
2026-09-17T21:01:33+00:00,azure,westus2,,Standard_ND96isr_H100_v5,h100,80,ondemand,98.32,,,azure:retail-prices
2026-09-17T21:01:33+00:00,azure,westus2,,Standard_ND96isr_H100_v5,h100,80,commit1y,62.92477168949772,8760,All Upfront,azure:retail-prices
2026-09-17T21:01:33+00:00,azure,westus2,,Standard_ND96isr_H100_v5,h100,80,commit3y,43.16248097412481,26280,All Upfront,azure:retail-prices
2026-09-17T21:01:33+00:00,azure,westus2,,Standard_ND96isr_H100_v5,h100,80,spot,18.169536,,,azure:retail-prices
2026-09-17T21:01:33+00:00,azure,westus2,,Standard_ND96is_H100_v5,h100,80,spot,17.168659,,,azure:retail-prices
2026-09-17T21:01:33+00:00,azure,westus2,,Standard_ND96is_H100_v5,h100,80,ondemand,92.904,,,azure:retail-prices
2026-09-17T21:01:33+00:00,azure,westus2,,Standard_ND96is_H100_v5,h100,80,ondemand,88.488,,,azure:retail-prices
2026-09-17T21:01:33+00:00,azure,westus2,,Standard_ND96is_H100_v5,h100,80,commit1y,56.63230593607306,8760,All Upfront,azure:retail-prices
2026-09-17T21:01:33+00:00,azure,westus2,,Standard_ND96is_H100_v5,h100,80,commit3y,38.84623287671233,26280,All Upfront,azure:retail-prices
2026-09-17T21:01:33+00:00,azure,westus2,,Standard_ND96isr_H100_v5,h100,80,spot,18.985613,,,azure:retail-prices
2026-09-17T21:01:33+00:00,azure,westus2,,Standard_ND96is_H100_v5,h100,80,spot,16.352582,,,azure:retail-prices
2026-09-17T21:01:33+00:00,azure,westus2,,Standard_ND96isr_H100_v5,h100,80,ondemand,102.736,,,azure:retail-prices
2026-09-17T21:01:33+00:00,azure,westus2,,Standard_ND96isr_H200_v5,h200,141,spot,89.216,,,azure:retail-prices
2026-09-17T21:01:33+00:00,azure,westus2,,Standard_ND96isr_H200_v5,h200,141,ondemand,84.8,,,azure:retail-prices
2026-09-17T21:01:33+00:00,azure,westus2,,Standard_ND96isr_H200_v5,h200,141,commit1y,46.521232876712325,8760,All Upfront,azure:retail-prices
2026-09-17T21:01:33+00:00,azure,westus2,,Standard_ND96isr_H200_v5,h200,141,commit3y,42.221917808219175,26280,All Upfront,azure:retail-prices
2026-09-17T21:01:33+00:00,azure,westus2,,Standard_ND96isr_H200_v5,h200,141,spot,84.8,,,azure:retail-prices
2026-09-17T21:01:33+00:00,azure,westus2,,Standard_ND96isr_H200_v5,h200,141,ondemand,89.216,,,azure:retail-prices
2026-09-17T21:01:33+00:00,azure,westus2,,Standard_NC264lds_xl_RTXPRO6000BSE_v6,rtx_pro_6000,96,ondemand,11.0,,,azure:retail-prices
2026-09-17T21:01:33+00:00,azure,westus2,,Standard_NC264lds_xl_RTXPRO6000BSE_v6,rtx_pro_6000,96,commit1y,7.039954337899544,8760,All Upfront,azure:retail-prices
2026-09-17T21:01:33+00:00,azure,westus2,,Standard_NC264lds_xl_RTXPRO6000BSE_v6,rtx_pro_6000,96,commit3y,4.8399923896499235,26280,All Upfront,azure:retail-prices
2026-09-17T21:01:33+00:00,azure,westus2,,Standard_NC144ds_xl_RTXPRO6000BSE_v6,rtx_pro_6000,96,ondemand,6.38,,,azure:retail-prices
2026-09-17T21:01:33+00:00,azure,westus2,,Standard_NC144ds_xl_RTXPRO6000BSE_v6,rtx_pro_6000,96,commit1y,4.083219178082191,8760,All Upfront,azure:retail-prices
2026-09-17T21:01:33+00:00,azure,westus2,,Standard_NC144ds_xl_RTXPRO6000BSE_v6,rtx_pro_6000,96,commit3y,2.807191780821918,26280,All Upfront,azure:retail-prices
2026-09-17T21:01:33+00:00,azure,westus2,,Standard_NC132ds_xl_RTXPRO6000BSE_v6,rtx_pro_6000,96,ondemand,6.38,,,azure:retail-prices
2026-09-17T21:01:33+00:00,azure,westus2,,Standard_NC132ds_xl_RTXPRO6000BSE_v6,rtx_pro_6000,96,commit1y,4.083219178082191,8760,All Upfront,azure:retail-prices
2026-09-17T21:01:33+00:00,azure,westus2,,Standard_NC132ds_xl_RTXPRO6000BSE_v6,rtx_pro_6000,96,commit3y,2.807191780821918,26280,All Upfront,azure:retail-prices
2026-09-17T21:01:33+00:00,azure,westus2,,Standard_NC32lds_xl_RTXPRO6000BSE_v6,rtx_pro_6000,96,spot,0.2486,,,azure:retail-prices
2026-09-17T21:01:33+00:00,azure,westus2,,Standard_NC264ds_xl_RTXPRO6000BSE_v6,rtx_pro_6000,96,ondemand,12.76,,,azure:retail-prices
2026-09-17T21:01:33+00:00,azure,westus2,,Standard_NC264ds_xl_RTXPRO6000BSE_v6,rtx_pro_6000,96,commit1y,8.166438356164383,8760,All Upfront,azure:retail-prices
2026-09-17T21:01:33+00:00,azure,westus2,,Standard_NC264ds_xl_RTXPRO6000BSE_v6,rtx_pro_6000,96,commit3y,5.614383561643836,26280,All Upfront,azure:retail-prices
2026-09-17T21:01:33+00:00,azure,westus2,,Standard_NC36ds_xl_RTXPRO6000BSE_v6,rtx_pro_6000,96,ondemand,3.098,,,azure:retail-prices
2026-09-17T21:01:33+00:00,azure,westus2,,Standard_NC132ds_xl_RTXPRO6000BSE_v6,rtx_pro_6000,96,spot,1.179024,,,azure:retail-prices
2026-09-17T21:01:33+00:00,azure,westus2,,Standard_NC288ds_xl_RTXPRO6000BSE_v6,rtx_pro_6000,96,spot,4.48103,,,azure:retail-prices
2026-09-17T21:01:33+00:00,azure,westus2,,Standard_NC64lds_xl_RTXPRO6000BSE_v6,rtx_pro_6000,96,ondemand,5.384,,,azure:retail-prices
2026-09-17T21:01:33+00:00,azure,westus2,,Standard_NC320lds_xl_RTXPRO6000BSE_v6,rtx_pro_6000,96,spot,5.362896,,,azure:retail-prices
2026-09-17T21:01:33+00:00,azure,westus2,,Standard_NC320ds_xl_RTXPRO6000BSE_v6,rtx_pro_6000,96,ondemand,16.588,,,azure:retail-prices
2026-09-17T21:01:33+00:00,azure,westus2,,Standard_NC128lds_xl_RTXPRO6000BSE_v6,rtx_pro_6000,96,spot,1.0164,,,azure:retail-prices
2026-09-17T21:01:33+00:00,azure,westus2,,Standard_NC288lds_xl_RTXPRO6000BSE_v6,rtx_pro_6000,96,ondemand,24.248,,,azure:retail-prices
2026-09-17T21:01:33+00:00,azure,westus2,,Standard_NC256ds_xl_RTXPRO6000BSE_v6,rtx_pro_6000,96,spot,2.358048,,,azure:retail-prices
2026-09-17T21:01:33+00:00,azure,westus2,,Standard_NC264ds_xl_RTXPRO6000BSE_v6,rtx_pro_6000,96,spot,4.602259,,,azure:retail-prices
2026-09-17T21:01:33+00:00,azure,westus2,,Standard_NC24lds_xl_RTXPRO6000BSE_v6,rtx_pro_6000,96,ondemand,1.13,,,azure:retail-prices
2026-09-17T21:01:33+00:00,azure,westus2,,Standard_NC24lds_xl_RTXPRO6000BSE_v6,rtx_pro_6000,96,commit1y,0.7231735159817352,8760,All Upfront,azure:retail-prices
2026-09-17T21:01:33+00:00,azure,westus2,,Standard_NC24lds_xl_RTXPRO6000BSE_v6,rtx_pro_6000,96,commit3y,0.4971841704718417,26280,All Upfront,azure:retail-prices
2026-09-17T21:01:33+00:00,azure,westus2,,Standard_NC128ds_xl_RTXPRO6000BSE_v6,rtx_pro_6000,96,ondemand,12.268,,,azure:retail-prices
2026-09-17T21:01:33+00:00,azure,westus2,,Standard_NC36ds_xl_RTXPRO6000BSE_v6,rtx_pro_6000,96,spot,0.57251,,,azure:retail-prices
2026-09-17T21:01:33+00:00,azure,westus2,,Standard_NC64lds_xl_RTXPRO6000BSE_v6,rtx_pro_6000,96,ondemand,2.44,,,azure:retail-prices
2026-09-17T21:01:33+00:00,azure,westus2,,Standard_NC320ds_xl_RTXPRO6000BSE_v6,rtx_pro_6000,96,ondemand,31.308,,,azure:retail-prices
2026-09-17T21:01:33+00:00,azure,westus2,,Standard_NC64ds_xl_RTXPRO6000BSE_v6,rtx_pro_6000,96,ondemand,5.774,,,azure:retail-prices
2026-09-17T21:01:33+00:00,azure,westus2,,Standard_NC64lds_xl_RTXPRO6000BSE_v6,rtx_pro_6000,96,spot,0.488,,,azure:retail-prices
2026-09-17T21:01:33+00:00,azure,westus2,,Standard_NC132ds_xl_RTXPRO6000BSE_v6,rtx_pro_6000,96,ondemand,12.452,,,azure:retail-prices
2026-09-17T21:01:33+00:00,azure,westus2,,Standard_NC64ds_xl_RTXPRO6000BSE_v6,rtx_pro_6000,96,spot,1.1548,,,azure:retail-prices
2026-09-17T21:01:33+00:00,azure,westus2,,Standard_NC16lds_xl_RTXPRO6000BSE_v6,rtx_pro_6000,96,spot,0.3732,,,azure:retail-prices
2026-09-17T21:01:33+00:00,azure,westus2,,Standard_NC72ds_xl_RTXPRO6000BSE_v6,rtx_pro_6000,96,spot,0.522984,,,azure:retail-prices
2026-09-17T21:01:33+00:00,azure,westus2,,Standard_NC16lds_xl_RTXPRO6000BSE_v6,rtx_pro_6000,96,ondemand,1.13,,,azure:retail-prices
2026-09-17T21:01:33+00:00,azure,westus2,,Standard_NC256ds_xl_RTXPRO6000BSE_v6,rtx_pro_6000,96,spot,4.534253,,,azure:retail-prices
2026-09-17T21:01:33+00:00,azure,westus2,,Standard_NC324lds_xl_RTXPRO6000BSE_v6,rtx_pro_6000,96,ondemand,14.3,,,azure:retail-prices
2026-09-17T21:01:33+00:00,azure,westus2,,Standard_NC324lds_xl_RTXPRO6000BSE_v6,rtx_pro_6000,96,commit1y,9.152054794520549,8760,All Upfront,azure:retail-prices
2026-09-17T21:01:33+00:00,azure,westus2,,Standard_NC324lds_xl_RTXPRO6000BSE_v6,rtx_pro_6000,96,commit3y,6.292009132420091,26280,All Upfront,azure:retail-prices
2026-09-17T21:01:33+00:00,azure,westus2,,Standard_NC64ds_xl_RTXPRO6000BSE_v6,rtx_pro_6000,96,spot,0.566,,,azure:retail-prices
2026-09-17T21:01:33+00:00,azure,westus2,,Standard_NC320ds_xl_RTXPRO6000BSE_v6,rtx_pro_6000,96,spot,3.065462,,,azure:retail-prices
2026-09-17T21:01:33+00:00,azure,westus2,,Standard_NC324ds_xl_RTXPRO6000BSE_v6,rtx_pro_6000,96,ondemand,16.588,,,azure:retail-prices
2026-09-17T21:01:33+00:00,azure,westus2,,Standard_NC324ds_xl_RTXPRO6000BSE_v6,rtx_pro_6000,96,commit1y,10.616324200913242,8760,All Upfront,azure:retail-prices
2026-09-17T21:01:33+00:00,azure,westus2,,Standard_NC324ds_xl_RTXPRO6000BSE_v6,rtx_pro_6000,96,commit3y,7.298706240487062,26280,All Upfront,azure:retail-prices
2026-09-17T21:01:33+00:00,azure,westus2,,Standard_NC72lds_xl_RTXPRO6000BSE_v6,rtx_pro_6000,96,ondemand,2.44,,,azure:retail-prices
2026-09-17T21:01:33+00:00,azure,westus2,,Standard_NC72lds_xl_RTXPRO6000BSE_v6,rtx_pro_6000,96,commit1y,1.5616438356164384,8760,All Upfront,azure:retail-prices
2026-09-17T21:01:33+00:00,azure,westus2,,Standard_NC72lds_xl_RTXPRO6000BSE_v6,rtx_pro_6000,96,commit3y,1.0735920852359209,26280,All Upfront,azure:retail-prices
2026-09-17T21:01:33+00:00,azure,westus2,,Standard_NC144ds_xl_RTXPRO6000BSE_v6,rtx_pro_6000,96,spot,1.179024,,,azure:retail-prices
2026-09-17T21:01:33+00:00,azure,westus2,,Standard_NC320ds_xl_RTXPRO6000BSE_v6,rtx_pro_6000,96,spot,5.785718,,,azure:retail-prices
2026-09-17T21:01:33+00:00,azure,westus2,,Standard_NC288lds_xl_RTXPRO6000BSE_v6,rtx_pro_6000,96,spot,2.0328,,,azure:retail-prices
2026-09-17T21:01:33+00:00,azure,westus2,,Standard_NC16lds_xl_RTXPRO6000BSE_v6,rtx_pro_6000,96,spot,0.226,,,azure:retail-prices
2026-09-17T21:01:33+00:00,azure,westus2,,Standard_NC36lds_xl_RTXPRO6000BSE_v6,rtx_pro_6000,96,spot,0.229706,,,azure:retail-prices
2026-09-17T21:01:33+00:00,azure,westus2,,Standard_NC320lds_xl_RTXPRO6000BSE_v6,rtx_pro_6000,96,ondemand,14.3,,,azure:retail-prices
2026-09-17T21:01:33+00:00,azure,westus2,,Standard_NC256lds_xl_RTXPRO6000BSE_v6,rtx_pro_6000,96,spot,4.209005,,,azure:retail-prices
2026-09-17T21:01:33+00:00,azure,westus2,,Standard_NC32ds_xl_RTXPRO6000BSE_v6,rtx_pro_6000,96,spot,0.5828,,,azure:retail-prices
2026-09-17T21:01:33+00:00,azure,westus2,,Standard_NC32lds_xl_RTXPRO6000BSE_v6,rtx_pro_6000,96,ondemand,1.243,,,azure:retail-prices
2026-09-17T21:01:33+00:00,azure,westus2,,Standard_NC264lds_xl_RTXPRO6000BSE_v6,rtx_pro_6000,96,ondemand,23.144,,,azure:retail-prices
2026-09-17T21:01:33+00:00,azure,westus2,,Standard_NC144lds_xl_RTXPRO6000BSE_v6,rtx_pro_6000,96,ondemand,5.5,,,azure:retail-prices
2026-09-17T21:01:33+00:00,azure,westus2,,Standard_NC144lds_xl_RTXPRO6000BSE_v6,rtx_pro_6000,96,commit1y,3.519977168949772,8760,All Upfront,azure:retail-prices
2026-09-17T21:01:33+00:00,azure,westus2,,Standard_NC144lds_xl_RTXPRO6000BSE_v6,rtx_pro_6000,96,commit3y,2.420015220700152,26280,All Upfront,azure:retail-prices
2026-09-17T21:01:33+00:00,azure,westus2,,Standard_NC36lds_xl_RTXPRO6000BSE_v6,rtx_pro_6000,96,spot,0.535735,,,azure:retail-prices
2026-09-17T21:01:33+00:00,azure,westus2,,Standard_NC128lds_xl_RTXPRO6000BSE_v6,rtx_pro_6000,96,ondemand,11.388,,,azure:retail-prices
2026-09-17T21:01:33+00:00,azure,westus2,,Standard_NC72ds_xl_RTXPRO6000BSE_v6,rtx_pro_6000,96,ondemand,6.142,,,azure:retail-prices
2026-09-17T21:01:33+00:00,azure,westus2,,Standard_NC320lds_xl_RTXPRO6000BSE_v6,rtx_pro_6000,96,ondemand,29.02,,,azure:retail-prices
2026-09-17T21:01:33+00:00,azure,westus2,,Standard_NC324lds_xl_RTXPRO6000BSE_v6,rtx_pro_6000,96,spot,5.396899,,,azure:retail-prices
2026-09-17T21:01:33+00:00,azure,westus2,,Standard_NC144lds_xl_RTXPRO6000BSE_v6,rtx_pro_6000,96,spot,1.0164,,,azure:retail-prices
2026-09-17T21:01:33+00:00,azure,westus2,,Standard_NC256ds_xl_RTXPRO6000BSE_v6,rtx_pro_6000,96,ondemand,12.76,,,azure:retail-prices
2026-09-17T21:01:33+00:00,azure,westus2,,Standard_NC144ds_xl_RTXPRO6000BSE_v6,rtx_pro_6000,96,spot,2.403139,,,azure:retail-prices
2026-09-17T21:01:33+00:00,azure,westus2,,Standard_NC144lds_xl_RTXPRO6000BSE_v6,rtx_pro_6000,96,spot,2.240515,,,azure:retail-prices
2026-09-17T21:01:33+00:00,azure,westus2,,Standard_NC324ds_xl_RTXPRO6000BSE_v6,rtx_pro_6000,96,spot,5.819722,,,azure:retail-prices
2026-09-17T21:01:33+00:00,azure,westus2,,Standard_NC32ds_xl_RTXPRO6000BSE_v6,rtx_pro_6000,96,ondemand,2.914,,,azure:retail-prices
2026-09-17T21:01:33+00:00,azure,westus2,,Standard_NC128ds_xl_RTXPRO6000BSE_v6,rtx_pro_6000,96,ondemand,6.38,,,azure:retail-prices
2026-09-17T21:01:33+00:00,azure,westus2,,Standard_NC72lds_xl_RTXPRO6000BSE_v6,rtx_pro_6000,96,spot,1.06297,,,azure:retail-prices
2026-09-17T21:01:33+00:00,azure,westus2,,Standard_NC32ds_xl_RTXPRO6000BSE_v6,rtx_pro_6000,96,spot,0.2884,,,azure:retail-prices
2026-09-17T21:01:33+00:00,azure,westus2,,Standard_NC132ds_xl_RTXPRO6000BSE_v6,rtx_pro_6000,96,spot,2.30113,,,azure:retail-prices
2026-09-17T21:01:33+00:00,azure,westus2,,Standard_NC132lds_xl_RTXPRO6000BSE_v6,rtx_pro_6000,96,spot,2.138506,,,azure:retail-prices
2026-09-17T21:01:33+00:00,azure,westus2,,Standard_NC264ds_xl_RTXPRO6000BSE_v6,rtx_pro_6000,96,spot,2.358048,,,azure:retail-prices
2026-09-17T21:01:33+00:00,azure,westus2,,Standard_NC36ds_xl_RTXPRO6000BSE_v6,rtx_pro_6000,96,ondemand,1.442,,,azure:retail-prices
2026-09-17T21:01:33+00:00,azure,westus2,,Standard_NC36ds_xl_RTXPRO6000BSE_v6,rtx_pro_6000,96,commit1y,0.9228310502283105,8760,All Upfront,azure:retail-prices
2026-09-17T21:01:33+00:00,azure,westus2,,Standard_NC36ds_xl_RTXPRO6000BSE_v6,rtx_pro_6000,96,commit3y,0.6344368340943684,26280,All Upfront,azure:retail-prices
2026-09-17T21:01:33+00:00,azure,westus2,,Standard_NC24lds_xl_RTXPRO6000BSE_v6,rtx_pro_6000,96,spot,0.412843,,,azure:retail-prices
2026-09-17T21:01:33+00:00,azure,westus2,,Standard_NC128ds_xl_RTXPRO6000BSE_v6,rtx_pro_6000,96,spot,2.267126,,,azure:retail-prices
2026-09-17T21:01:33+00:00,azure,westus2,,Standard_NC264lds_xl_RTXPRO6000BSE_v6,rtx_pro_6000,96,spot,4.277011,,,azure:retail-prices
2026-09-17T21:01:33+00:00,azure,westus2,,Standard_NC36ds_xl_RTXPRO6000BSE_v6,rtx_pro_6000,96,spot,0.266482,,,azure:retail-prices
2026-09-17T21:01:33+00:00,azure,westus2,,Standard_NC144lds_xl_RTXPRO6000BSE_v6,rtx_pro_6000,96,ondemand,12.124,,,azure:retail-prices
2026-09-17T21:01:33+00:00,azure,westus2,,Standard_NC32ds_xl_RTXPRO6000BSE_v6,rtx_pro_6000,96,ondemand,1.442,,,azure:retail-prices
2026-09-17T21:01:33+00:00,azure,westus2,,Standard_NC256lds_xl_RTXPRO6000BSE_v6,rtx_pro_6000,96,ondemand,11.0,,,azure:retail-prices
2026-09-17T21:01:33+00:00,azure,westus2,,Standard_NC288lds_xl_RTXPRO6000BSE_v6,rtx_pro_6000,96,ondemand,11.0,,,azure:retail-prices
2026-09-17T21:01:33+00:00,azure,westus2,,Standard_NC288lds_xl_RTXPRO6000BSE_v6,rtx_pro_6000,96,commit1y,7.039954337899544,8760,All Upfront,azure:retail-prices
2026-09-17T21:01:33+00:00,azure,westus2,,Standard_NC288lds_xl_RTXPRO6000BSE_v6,rtx_pro_6000,96,commit3y,4.8399923896499235,26280,All Upfront,azure:retail-prices
2026-09-17T21:01:33+00:00,azure,westus2,,Standard_NC288ds_xl_RTXPRO6000BSE_v6,rtx_pro_6000,96,spot,2.0328,,,azure:retail-prices
2026-09-17T21:01:33+00:00,azure,westus2,,Standard_NC256ds_xl_RTXPRO6000BSE_v6,rtx_pro_6000,96,ondemand,24.536,,,azure:retail-prices
2026-09-17T21:01:33+00:00,azure,westus2,,Standard_NC132lds_xl_RTXPRO6000BSE_v6,rtx_pro_6000,96,spot,1.0164,,,azure:retail-prices
2026-09-17T21:01:33+00:00,azure,westus2,,Standard_NC128ds_xl_RTXPRO6000BSE_v6,rtx_pro_6000,96,spot,1.179024,,,azure:retail-prices
2026-09-17T21:01:33+00:00,azure,westus2,,Standard_NC64lds_xl_RTXPRO6000BSE_v6,rtx_pro_6000,96,spot,1.0768,,,azure:retail-prices
2026-09-17T21:01:33+00:00,azure,westus2,,Standard_NC24lds_xl_RTXPRO6000BSE_v6,rtx_pro_6000,96,spot,0.208824,,,azure:retail-prices
2026-09-17T21:01:33+00:00,azure,westus2,,Standard_NC324lds_xl_RTXPRO6000BSE_v6,rtx_pro_6000,96,spot,2.64264,,,azure:retail-prices
2026-09-17T21:01:33+00:00,azure,westus2,,Standard_NC72lds_xl_RTXPRO6000BSE_v6,rtx_pro_6000,96,ondemand,5.752,,,azure:retail-prices
2026-09-17T21:01:33+00:00,azure,westus2,,Standard_NC256lds_xl_RTXPRO6000BSE_v6,rtx_pro_6000,96,ondemand,22.776,,,azure:retail-prices
2026-09-17T21:01:33+00:00,azure,westus2,,Standard_NC36lds_xl_RTXPRO6000BSE_v6,rtx_pro_6000,96,ondemand,2.899,,,azure:retail-prices
2026-09-17T21:01:33+00:00,azure,westus2,,Standard_NC132lds_xl_RTXPRO6000BSE_v6,rtx_pro_6000,96,ondemand,11.572,,,azure:retail-prices
2026-09-17T21:01:33+00:00,azure,westus2,,Standard_NC288ds_xl_RTXPRO6000BSE_v6,rtx_pro_6000,96,ondemand,11.0,,,azure:retail-prices
2026-09-17T21:01:33+00:00,azure,westus2,,Standard_NC288ds_xl_RTXPRO6000BSE_v6,rtx_pro_6000,96,commit1y,7.039954337899544,8760,All Upfront,azure:retail-prices
2026-09-17T21:01:33+00:00,azure,westus2,,Standard_NC288ds_xl_RTXPRO6000BSE_v6,rtx_pro_6000,96,commit3y,4.8399923896499235,26280,All Upfront,azure:retail-prices
2026-09-17T21:01:33+00:00,azure,westus2,,Standard_NC288lds_xl_RTXPRO6000BSE_v6,rtx_pro_6000,96,spot,4.48103,,,azure:retail-prices
2026-09-17T21:01:33+00:00,azure,westus2,,Standard_NC32lds_xl_RTXPRO6000BSE_v6,rtx_pro_6000,96,ondemand,2.715,,,azure:retail-prices
2026-09-17T21:01:33+00:00,azure,westus2,,Standard_NC288ds_xl_RTXPRO6000BSE_v6,rtx_pro_6000,96,ondemand,24.248,,,azure:retail-prices
2026-09-17T21:01:33+00:00,azure,westus2,,Standard_NC324ds_xl_RTXPRO6000BSE_v6,rtx_pro_6000,96,ondemand,31.492,,,azure:retail-prices
2026-09-17T21:01:33+00:00,azure,westus2,,Standard_NC72lds_xl_RTXPRO6000BSE_v6,rtx_pro_6000,96,spot,0.450912,,,azure:retail-prices
2026-09-17T21:01:33+00:00,azure,westus2,,Standard_NC256lds_xl_RTXPRO6000BSE_v6,rtx_pro_6000,96,spot,2.0328,,,azure:retail-prices
2026-09-17T21:01:33+00:00,azure,westus2,,Standard_NC64ds_xl_RTXPRO6000BSE_v6,rtx_pro_6000,96,ondemand,2.83,,,azure:retail-prices
2026-09-17T21:01:33+00:00,azure,westus2,,Standard_NC128lds_xl_RTXPRO6000BSE_v6,rtx_pro_6000,96,ondemand,5.5,,,azure:retail-prices
2026-09-17T21:01:33+00:00,azure,westus2,,Standard_NC144ds_xl_RTXPRO6000BSE_v6,rtx_pro_6000,96,ondemand,13.004,,,azure:retail-prices
2026-09-17T21:01:33+00:00,azure,westus2,,Standard_NC132lds_xl_RTXPRO6000BSE_v6,rtx_pro_6000,96,ondemand,5.5,,,azure:retail-prices
2026-09-17T21:01:33+00:00,azure,westus2,,Standard_NC132lds_xl_RTXPRO6000BSE_v6,rtx_pro_6000,96,commit1y,3.519977168949772,8760,All Upfront,azure:retail-prices
2026-09-17T21:01:33+00:00,azure,westus2,,Standard_NC132lds_xl_RTXPRO6000BSE_v6,rtx_pro_6000,96,commit3y,2.420015220700152,26280,All Upfront,azure:retail-prices
2026-09-17T21:01:33+00:00,azure,westus2,,Standard_NC324ds_xl_RTXPRO6000BSE_v6,rtx_pro_6000,96,spot,3.065462,,,azure:retail-prices
2026-09-17T21:01:33+00:00,azure,westus2,,Standard_NC128lds_xl_RTXPRO6000BSE_v6,rtx_pro_6000,96,spot,2.104502,,,azure:retail-prices
2026-09-17T21:01:33+00:00,azure,westus2,,Standard_NC24lds_xl_RTXPRO6000BSE_v6,rtx_pro_6000,96,ondemand,2.234,,,azure:retail-prices
2026-09-17T21:01:33+00:00,azure,westus2,,Standard_NC264lds_xl_RTXPRO6000BSE_v6,rtx_pro_6000,96,spot,2.0328,,,azure:retail-prices
2026-09-17T21:01:33+00:00,azure,westus2,,Standard_NC36lds_xl_RTXPRO6000BSE_v6,rtx_pro_6000,96,ondemand,1.243,,,azure:retail-prices
2026-09-17T21:01:33+00:00,azure,westus2,,Standard_NC36lds_xl_RTXPRO6000BSE_v6,rtx_pro_6000,96,commit1y,0.7955479452054794,8760,All Upfront,azure:retail-prices
2026-09-17T21:01:33+00:00,azure,westus2,,Standard_NC36lds_xl_RTXPRO6000BSE_v6,rtx_pro_6000,96,commit3y,0.5469178082191781,26280,All Upfront,azure:retail-prices
2026-09-17T21:01:33+00:00,azure,westus2,,Standard_NC320lds_xl_RTXPRO6000BSE_v6,rtx_pro_6000,96,spot,2.64264,,,azure:retail-prices
2026-09-17T21:01:33+00:00,azure,westus2,,Standard_NC264ds_xl_RTXPRO6000BSE_v6,rtx_pro_6000,96,ondemand,24.904,,,azure:retail-prices
2026-09-17T21:01:33+00:00,azure,westus2,,Standard_NC72ds_xl_RTXPRO6000BSE_v6,rtx_pro_6000,96,ondemand,2.83,,,azure:retail-prices
2026-09-17T21:01:33+00:00,azure,westus2,,Standard_NC72ds_xl_RTXPRO6000BSE_v6,rtx_pro_6000,96,commit1y,1.8114155251141553,8760,All Upfront,azure:retail-prices
2026-09-17T21:01:33+00:00,azure,westus2,,Standard_NC72ds_xl_RTXPRO6000BSE_v6,rtx_pro_6000,96,commit3y,1.245357686453577,26280,All Upfront,azure:retail-prices
2026-09-17T21:01:33+00:00,azure,westus2,,Standard_NC32lds_xl_RTXPRO6000BSE_v6,rtx_pro_6000,96,spot,0.543,,,azure:retail-prices
2026-09-17T21:01:33+00:00,azure,westus2,,Standard_NC16lds_xl_RTXPRO6000BSE_v6,rtx_pro_6000,96,ondemand,1.866,,,azure:retail-prices
2026-09-17T21:01:33+00:00,azure,westus2,,Standard_NC324lds_xl_RTXPRO6000BSE_v6,rtx_pro_6000,96,ondemand,29.204,,,azure:retail-prices
2026-09-17T21:01:33+00:00,azure,westus2,,Standard_NC72ds_xl_RTXPRO6000BSE_v6,rtx_pro_6000,96,spot,1.135042,,,azure:retail-prices
2026-09-17T21:01:33+00:00,azure,eastus,,Standard_ND96isr_H100_v5,h100,80,ondemand,98.32,,,azure:retail-prices
2026-09-17T21:01:33+00:00,azure,eastus,,Standard_ND96isr_H100_v5,h100,80,commit1y,62.92477168949772,8760,All Upfront,azure:retail-prices
2026-09-17T21:01:33+00:00,azure,eastus,,Standard_ND96isr_H100_v5,h100,80,commit3y,43.16248097412481,26280,All Upfront,azure:retail-prices
2026-09-17T21:01:33+00:00,azure,eastus,,Standard_ND96is_H100_v5,h100,80,ondemand,88.488,,,azure:retail-prices
2026-09-17T21:01:33+00:00,azure,eastus,,Standard_ND96is_H100_v5,h100,80,commit1y,56.63230593607306,8760,All Upfront,azure:retail-prices
2026-09-17T21:01:33+00:00,azure,eastus,,Standard_ND96is_H100_v5,h100,80,commit3y,38.84623287671233,26280,All Upfront,azure:retail-prices
2026-09-17T21:01:33+00:00,azure,eastus,,Standard_ND96is_H100_v5,h100,80,ondemand,92.904,,,azure:retail-prices
2026-09-17T21:01:33+00:00,azure,eastus,,Standard_ND96isr_H100_v5,h100,80,ondemand,102.736,,,azure:retail-prices
2026-09-17T21:01:33+00:00,azure,eastus,,Standard_ND96isr_H100_v5,h100,80,spot,18.169536,,,azure:retail-prices
2026-09-17T21:01:33+00:00,azure,eastus,,Standard_ND96isr_H100_v5,h100,80,ondemand,41.094,,,azure:retail-prices
2026-09-17T21:01:33+00:00,azure,eastus,,Standard_ND96is_H100_v5,h100,80,spot,16.352582,,,azure:retail-prices
2026-09-17T21:01:33+00:00,azure,eastus,,Standard_ND96isr_H100_v5,h100,80,ondemand,19.664,,,azure:retail-prices
2026-09-17T21:01:33+00:00,azure,eastus,,Standard_ND96is_H100_v5,h100,80,ondemand,37.162,,,azure:retail-prices
2026-09-17T21:01:33+00:00,azure,eastus,,Standard_ND96isr_H100_v5,h100,80,spot,18.985613,,,azure:retail-prices
2026-09-17T21:01:33+00:00,azure,eastus,,Standard_ND96is_H100_v5,h100,80,ondemand,17.698,,,azure:retail-prices
2026-09-17T21:01:33+00:00,azure,eastus,,Standard_ND96is_H100_v5,h100,80,spot,17.168659,,,azure:retail-prices
2026-09-17T21:01:33+00:00,azure,eastus,,Standard_NC320ds_xl_RTXPRO6000BSE_v6,rtx_pro_6000,96,spot,5.785718,,,azure:retail-prices
2026-09-17T21:01:33+00:00,azure,eastus,,Standard_NC32ds_xl_RTXPRO6000BSE_v6,rtx_pro_6000,96,ondemand,2.914,,,azure:retail-prices
2026-09-17T21:01:33+00:00,azure,eastus,,Standard_NC8lds_xl_RTXPRO6000BSE_v6,rtx_pro_6000,96,spot,0.11,,,azure:retail-prices
2026-09-17T21:01:33+00:00,azure,eastus,,Standard_NC264lds_xl_RTXPRO6000BSE_v6,rtx_pro_6000,96,ondemand,11.0,,,azure:retail-prices
2026-09-17T21:01:33+00:00,azure,eastus,,Standard_NC264lds_xl_RTXPRO6000BSE_v6,rtx_pro_6000,96,commit1y,7.039954337899544,8760,All Upfront,azure:retail-prices
2026-09-17T21:01:33+00:00,azure,eastus,,Standard_NC264lds_xl_RTXPRO6000BSE_v6,rtx_pro_6000,96,commit3y,4.8399923896499235,26280,All Upfront,azure:retail-prices
2026-09-17T21:01:33+00:00,azure,eastus,,Standard_NC24lds_xl_RTXPRO6000BSE_v6,rtx_pro_6000,96,ondemand,1.13,,,azure:retail-prices
2026-09-17T21:01:33+00:00,azure,eastus,,Standard_NC24lds_xl_RTXPRO6000BSE_v6,rtx_pro_6000,96,commit1y,0.7231735159817352,8760,All Upfront,azure:retail-prices
2026-09-17T21:01:33+00:00,azure,eastus,,Standard_NC24lds_xl_RTXPRO6000BSE_v6,rtx_pro_6000,96,commit3y,0.4971841704718417,26280,All Upfront,azure:retail-prices
2026-09-17T21:01:33+00:00,azure,eastus,,Standard_NC72lds_xl_RTXPRO6000BSE_v6,rtx_pro_6000,96,spot,0.450912,,,azure:retail-prices
2026-09-17T21:01:33+00:00,azure,eastus,,Standard_NC16lds_xl_RTXPRO6000BSE_v6,rtx_pro_6000,96,spot,0.3732,,,azure:retail-prices
2026-09-17T21:01:33+00:00,azure,eastus,,Standard_NC16lds_xl_RTXPRO6000BSE_v6,rtx_pro_6000,96,ondemand,1.13,,,azure:retail-prices
2026-09-17T21:01:33+00:00,azure,eastus,,Standard_NC288lds_xl_RTXPRO6000BSE_v6,rtx_pro_6000,96,spot,4.48103,,,azure:retail-prices
2026-09-17T21:01:33+00:00,azure,eastus,,Standard_NC320ds_xl_RTXPRO6000BSE_v6,rtx_pro_6000,96,ondemand,31.308,,,azure:retail-prices
2026-09-17T21:01:33+00:00,azure,eastus,,Standard_NC288lds_xl_RTXPRO6000BSE_v6,rtx_pro_6000,96,ondemand,24.248,,,azure:retail-prices
2026-09-17T21:01:33+00:00,azure,eastus,,Standard_NC132ds_xl_RTXPRO6000BSE_v6,rtx_pro_6000,96,ondemand,12.452,,,azure:retail-prices
2026-09-17T21:01:33+00:00,azure,eastus,,Standard_NC324lds_xl_RTXPRO6000BSE_v6,rtx_pro_6000,96,spot,5.396899,,,azure:retail-prices
2026-09-17T21:01:33+00:00,azure,eastus,,Standard_NC32ds_xl_RTXPRO6000BSE_v6,rtx_pro_6000,96,spot,0.5828,,,azure:retail-prices
2026-09-17T21:01:33+00:00,azure,eastus,,Standard_NC64lds_xl_RTXPRO6000BSE_v6,rtx_pro_6000,96,ondemand,2.44,,,azure:retail-prices
2026-09-17T21:01:33+00:00,azure,eastus,,Standard_NC264lds_xl_RTXPRO6000BSE_v6,rtx_pro_6000,96,spot,4.277011,,,azure:retail-prices
2026-09-17T21:01:33+00:00,azure,eastus,,Standard_NC32lds_xl_RTXPRO6000BSE_v6,rtx_pro_6000,96,spot,0.543,,,azure:retail-prices
2026-09-17T21:01:33+00:00,azure,eastus,,Standard_NC128ds_xl_RTXPRO6000BSE_v6,rtx_pro_6000,96,spot,2.267126,,,azure:retail-prices
2026-09-17T21:01:33+00:00,azure,eastus,,Standard_NC128ds_xl_RTXPRO6000BSE_v6,rtx_pro_6000,96,ondemand,12.268,,,azure:retail-prices
2026-09-17T21:01:33+00:00,azure,eastus,,Standard_NC256lds_xl_RTXPRO6000BSE_v6,rtx_pro_6000,96,ondemand,22.776,,,azure:retail-prices
2026-09-17T21:01:33+00:00,azure,eastus,,Standard_NC72ds_xl_RTXPRO6000BSE_v6,rtx_pro_6000,96,spot,0.522984,,,azure:retail-prices
2026-09-17T21:01:33+00:00,azure,eastus,,Standard_NC64ds_xl_RTXPRO6000BSE_v6,rtx_pro_6000,96,ondemand,2.83,,,azure:retail-prices
2026-09-17T21:01:33+00:00,azure,eastus,,Standard_NC144ds_xl_RTXPRO6000BSE_v6,rtx_pro_6000,96,ondemand,13.004,,,azure:retail-prices
2026-09-17T21:01:33+00:00,azure,eastus,,Standard_NC144lds_xl_RTXPRO6000BSE_v6,rtx_pro_6000,96,spot,1.0164,,,azure:retail-prices
2026-09-17T21:01:33+00:00,azure,eastus,,Standard_NC256lds_xl_RTXPRO6000BSE_v6,rtx_pro_6000,96,spot,2.0328,,,azure:retail-prices
2026-09-17T21:01:33+00:00,azure,eastus,,Standard_NC36ds_xl_RTXPRO6000BSE_v6,rtx_pro_6000,96,spot,0.266482,,,azure:retail-prices
2026-09-17T21:01:33+00:00,azure,eastus,,Standard_NC288ds_xl_RTXPRO6000BSE_v6,rtx_pro_6000,96,spot,2.0328,,,azure:retail-prices
2026-09-17T21:01:33+00:00,azure,eastus,,Standard_NC64ds_xl_RTXPRO6000BSE_v6,rtx_pro_6000,96,ondemand,5.774,,,azure:retail-prices
2026-09-17T21:01:33+00:00,azure,eastus,,Standard_NC24lds_xl_RTXPRO6000BSE_v6,rtx_pro_6000,96,ondemand,2.234,,,azure:retail-prices
2026-09-17T21:01:33+00:00,azure,eastus,,Standard_NC256ds_xl_RTXPRO6000BSE_v6,rtx_pro_6000,96,spot,4.534253,,,azure:retail-prices
2026-09-17T21:01:33+00:00,azure,eastus,,Standard_NC132ds_xl_RTXPRO6000BSE_v6,rtx_pro_6000,96,spot,2.30113,,,azure:retail-prices
2026-09-17T21:01:33+00:00,azure,eastus,,Standard_NC128ds_xl_RTXPRO6000BSE_v6,rtx_pro_6000,96,spot,1.179024,,,azure:retail-prices
2026-09-17T21:01:33+00:00,azure,eastus,,Standard_NC36lds_xl_RTXPRO6000BSE_v6,rtx_pro_6000,96,spot,0.535735,,,azure:retail-prices
2026-09-17T21:01:33+00:00,azure,eastus,,Standard_NC144ds_xl_RTXPRO6000BSE_v6,rtx_pro_6000,96,spot,1.179024,,,azure:retail-prices
2026-09-17T21:01:33+00:00,azure,eastus,,Standard_NC256ds_xl_RTXPRO6000BSE_v6,rtx_pro_6000,96,ondemand,24.536,,,azure:retail-prices
2026-09-17T21:01:33+00:00,azure,eastus,,Standard_NC8lds_xl_RTXPRO6000BSE_v6,rtx_pro_6000,96,ondemand,0.55,,,azure:retail-prices
2026-09-17T21:01:33+00:00,azure,eastus,,Standard_NC264lds_xl_RTXPRO6000BSE_v6,rtx_pro_6000,96,ondemand,23.144,,,azure:retail-prices
2026-09-17T21:01:33+00:00,azure,eastus,,Standard_NC16lds_xl_RTXPRO6000BSE_v6,rtx_pro_6000,96,ondemand,1.866,,,azure:retail-prices
2026-09-17T21:01:33+00:00,azure,eastus,,Standard_NC132lds_xl_RTXPRO6000BSE_v6,rtx_pro_6000,96,spot,2.138506,,,azure:retail-prices
2026-09-17T21:01:33+00:00,azure,eastus,,Standard_NC36lds_xl_RTXPRO6000BSE_v6,rtx_pro_6000,96,spot,0.229706,,,azure:retail-prices
2026-09-17T21:01:33+00:00,azure,eastus,,Standard_NC64ds_xl_RTXPRO6000BSE_v6,rtx_pro_6000,96,spot,1.1548,,,azure:retail-prices
2026-09-17T21:01:33+00:00,azure,eastus,,Standard_NC324ds_xl_RTXPRO6000BSE_v6,rtx_pro_6000,96,spot,3.065462,,,azure:retail-prices
2026-09-17T21:01:33+00:00,azure,eastus,,Standard_NC144lds_xl_RTXPRO6000BSE_v6,rtx_pro_6000,96,ondemand,5.5,,,azure:retail-prices
2026-09-17T21:01:33+00:00,azure,eastus,,Standard_NC144lds_xl_RTXPRO6000BSE_v6,rtx_pro_6000,96,commit1y,3.519977168949772,8760,All Upfront,azure:retail-prices
2026-09-17T21:01:33+00:00,azure,eastus,,Standard_NC144lds_xl_RTXPRO6000BSE_v6,rtx_pro_6000,96,commit3y,2.420015220700152,26280,All Upfront,azure:retail-prices
2026-09-17T21:01:33+00:00,azure,eastus,,Standard_NC264lds_xl_RTXPRO6000BSE_v6,rtx_pro_6000,96,spot,2.0328,,,azure:retail-prices
2026-09-17T21:01:33+00:00,azure,eastus,,Standard_NC36lds_xl_RTXPRO6000BSE_v6,rtx_pro_6000,96,ondemand,2.899,,,azure:retail-prices
2026-09-17T21:01:33+00:00,azure,eastus,,Standard_NC128lds_xl_RTXPRO6000BSE_v6,rtx_pro_6000,96,ondemand,5.5,,,azure:retail-prices
2026-09-17T21:01:33+00:00,azure,eastus,,Standard_NC132lds_xl_RTXPRO6000BSE_v6,rtx_pro_6000,96,ondemand,11.572,,,azure:retail-prices
2026-09-17T21:01:33+00:00,azure,eastus,,Standard_NC64ds_xl_RTXPRO6000BSE_v6,rtx_pro_6000,96,spot,0.566,,,azure:retail-prices
2026-09-17T21:01:33+00:00,azure,eastus,,Standard_NC32ds_xl_RTXPRO6000BSE_v6,rtx_pro_6000,96,ondemand,1.442,,,azure:retail-prices
2026-09-17T21:01:33+00:00,azure,eastus,,Standard_NC320lds_xl_RTXPRO6000BSE_v6,rtx_pro_6000,96,spot,5.362896,,,azure:retail-prices
2026-09-17T21:01:33+00:00,azure,eastus,,Standard_NC256ds_xl_RTXPRO6000BSE_v6,rtx_pro_6000,96,spot,2.358048,,,azure:retail-prices
2026-09-17T21:01:33+00:00,azure,eastus,,Standard_NC256lds_xl_RTXPRO6000BSE_v6,rtx_pro_6000,96,ondemand,11.0,,,azure:retail-prices
2026-09-17T21:01:33+00:00,azure,eastus,,Standard_NC8lds_xl_RTXPRO6000BSE_v6,rtx_pro_6000,96,ondemand,0.918,,,azure:retail-prices
2026-09-17T21:01:33+00:00,azure,eastus,,Standard_NC64lds_xl_RTXPRO6000BSE_v6,rtx_pro_6000,96,ondemand,5.384,,,azure:retail-prices
2026-09-17T21:01:33+00:00,azure,eastus,,Standard_NC324ds_xl_RTXPRO6000BSE_v6,rtx_pro_6000,96,spot,5.819722,,,azure:retail-prices
2026-09-17T21:01:33+00:00,azure,eastus,,Standard_NC320ds_xl_RTXPRO6000BSE_v6,rtx_pro_6000,96,spot,3.065462,,,azure:retail-prices
2026-09-17T21:01:33+00:00,azure,eastus,,Standard_NC144ds_xl_RTXPRO6000BSE_v6,rtx_pro_6000,96,ondemand,6.38,,,azure:retail-prices
2026-09-17T21:01:33+00:00,azure,eastus,,Standard_NC144ds_xl_RTXPRO6000BSE_v6,rtx_pro_6000,96,commit1y,4.083219178082191,8760,All Upfront,azure:retail-prices
2026-09-17T21:01:33+00:00,azure,eastus,,Standard_NC144ds_xl_RTXPRO6000BSE_v6,rtx_pro_6000,96,commit3y,2.807191780821918,26280,All Upfront,azure:retail-prices
2026-09-17T21:01:33+00:00,azure,eastus,,Standard_NC72ds_xl_RTXPRO6000BSE_v6,rtx_pro_6000,96,spot,1.135042,,,azure:retail-prices
2026-09-17T21:01:33+00:00,azure,eastus,,Standard_NC320ds_xl_RTXPRO6000BSE_v6,rtx_pro_6000,96,ondemand,16.588,,,azure:retail-prices
2026-09-17T21:01:33+00:00,azure,eastus,,Standard_NC32ds_xl_RTXPRO6000BSE_v6,rtx_pro_6000,96,spot,0.2884,,,azure:retail-prices
2026-09-17T21:01:33+00:00,azure,eastus,,Standard_NC32lds_xl_RTXPRO6000BSE_v6,rtx_pro_6000,96,spot,0.2486,,,azure:retail-prices
2026-09-17T21:01:33+00:00,azure,eastus,,Standard_NC24lds_xl_RTXPRO6000BSE_v6,rtx_pro_6000,96,spot,0.208824,,,azure:retail-prices
2026-09-17T21:01:33+00:00,azure,eastus,,Standard_NC324lds_xl_RTXPRO6000BSE_v6,rtx_pro_6000,96,ondemand,29.204,,,azure:retail-prices
2026-09-17T21:01:33+00:00,azure,eastus,,Standard_NC320lds_xl_RTXPRO6000BSE_v6,rtx_pro_6000,96,spot,2.64264,,,azure:retail-prices
2026-09-17T21:01:33+00:00,azure,eastus,,Standard_NC324ds_xl_RTXPRO6000BSE_v6,rtx_pro_6000,96,ondemand,16.588,,,azure:retail-prices
2026-09-17T21:01:33+00:00,azure,eastus,,Standard_NC324ds_xl_RTXPRO6000BSE_v6,rtx_pro_6000,96,commit1y,10.616324200913242,8760,All Upfront,azure:retail-prices
2026-09-17T21:01:33+00:00,azure,eastus,,Standard_NC324ds_xl_RTXPRO6000BSE_v6,rtx_pro_6000,96,commit3y,7.298706240487062,26280,All Upfront,azure:retail-prices
2026-09-17T21:01:33+00:00,azure,eastus,,Standard_NC72lds_xl_RTXPRO6000BSE_v6,rtx_pro_6000,96,ondemand,2.44,,,azure:retail-prices
2026-09-17T21:01:33+00:00,azure,eastus,,Standard_NC72lds_xl_RTXPRO6000BSE_v6,rtx_pro_6000,96,commit1y,1.5616438356164384,8760,All Upfront,azure:retail-prices
2026-09-17T21:01:33+00:00,azure,eastus,,Standard_NC72lds_xl_RTXPRO6000BSE_v6,rtx_pro_6000,96,commit3y,1.0735920852359209,26280,All Upfront,azure:retail-prices
2026-09-17T21:01:33+00:00,azure,eastus,,Standard_NC24lds_xl_RTXPRO6000BSE_v6,rtx_pro_6000,96,spot,0.412843,,,azure:retail-prices
2026-09-17T21:01:33+00:00,azure,eastus,,Standard_NC16lds_xl_RTXPRO6000BSE_v6,rtx_pro_6000,96,spot,0.226,,,azure:retail-prices
2026-09-17T21:01:33+00:00,azure,eastus,,Standard_NC8lds_xl_RTXPRO6000BSE_v6,rtx_pro_6000,96,spot,0.1836,,,azure:retail-prices
2026-09-17T21:01:33+00:00,azure,eastus,,Standard_NC128lds_xl_RTXPRO6000BSE_v6,rtx_pro_6000,96,ondemand,11.388,,,azure:retail-prices
2026-09-17T21:01:33+00:00,azure,eastus,,Standard_NC36lds_xl_RTXPRO6000BSE_v6,rtx_pro_6000,96,ondemand,1.243,,,azure:retail-prices
2026-09-17T21:01:33+00:00,azure,eastus,,Standard_NC36lds_xl_RTXPRO6000BSE_v6,rtx_pro_6000,96,commit1y,0.7955479452054794,8760,All Upfront,azure:retail-prices
2026-09-17T21:01:33+00:00,azure,eastus,,Standard_NC36lds_xl_RTXPRO6000BSE_v6,rtx_pro_6000,96,commit3y,0.5469178082191781,26280,All Upfront,azure:retail-prices
2026-09-17T21:01:33+00:00,azure,eastus,,Standard_NC324lds_xl_RTXPRO6000BSE_v6,rtx_pro_6000,96,spot,2.64264,,,azure:retail-prices
2026-09-17T21:01:33+00:00,azure,eastus,,Standard_NC72ds_xl_RTXPRO6000BSE_v6,rtx_pro_6000,96,ondemand,6.142,,,azure:retail-prices
2026-09-17T21:01:33+00:00,azure,eastus,,Standard_NC324ds_xl_RTXPRO6000BSE_v6,rtx_pro_6000,96,ondemand,31.492,,,azure:retail-prices
2026-09-17T21:01:33+00:00,azure,eastus,,Standard_NC288ds_xl_RTXPRO6000BSE_v6,rtx_pro_6000,96,ondemand,24.248,,,azure:retail-prices
2026-09-17T21:01:33+00:00,azure,eastus,,Standard_NC288ds_xl_RTXPRO6000BSE_v6,rtx_pro_6000,96,spot,4.48103,,,azure:retail-prices
2026-09-17T21:01:33+00:00,azure,eastus,,Standard_NC288lds_xl_RTXPRO6000BSE_v6,rtx_pro_6000,96,spot,2.0328,,,azure:retail-prices
2026-09-17T21:01:33+00:00,azure,eastus,,Standard_NC264ds_xl_RTXPRO6000BSE_v6,rtx_pro_6000,96,spot,2.358048,,,azure:retail-prices
2026-09-17T21:01:33+00:00,azure,eastus,,Standard_NC264ds_xl_RTXPRO6000BSE_v6,rtx_pro_6000,96,ondemand,24.904,,,azure:retail-prices
2026-09-17T21:01:33+00:00,azure,eastus,,Standard_NC264ds_xl_RTXPRO6000BSE_v6,rtx_pro_6000,96,spot,4.602259,,,azure:retail-prices
2026-09-17T21:01:33+00:00,azure,eastus,,Standard_NC32lds_xl_RTXPRO6000BSE_v6,rtx_pro_6000,96,ondemand,2.715,,,azure:retail-prices
2026-09-17T21:01:33+00:00,azure,eastus,,Standard_NC144ds_xl_RTXPRO6000BSE_v6,rtx_pro_6000,96,spot,2.403139,,,azure:retail-prices
2026-09-17T21:01:33+00:00,azure,eastus,,Standard_NC36ds_xl_RTXPRO6000BSE_v6,rtx_pro_6000,96,ondemand,3.098,,,azure:retail-prices
2026-09-17T21:01:33+00:00,azure,eastus,,Standard_NC288lds_xl_RTXPRO6000BSE_v6,rtx_pro_6000,96,ondemand,11.0,,,azure:retail-prices
2026-09-17T21:01:33+00:00,azure,eastus,,Standard_NC288lds_xl_RTXPRO6000BSE_v6,rtx_pro_6000,96,commit1y,7.039954337899544,8760,All Upfront,azure:retail-prices
2026-09-17T21:01:33+00:00,azure,eastus,,Standard_NC288lds_xl_RTXPRO6000BSE_v6,rtx_pro_6000,96,commit3y,4.8399923896499235,26280,All Upfront,azure:retail-prices
2026-09-17T21:01:33+00:00,azure,eastus,,Standard_NC256lds_xl_RTXPRO6000BSE_v6,rtx_pro_6000,96,spot,4.209005,,,azure:retail-prices
2026-09-17T21:01:33+00:00,azure,eastus,,Standard_NC36ds_xl_RTXPRO6000BSE_v6,rtx_pro_6000,96,spot,0.57251,,,azure:retail-prices
2026-09-17T21:01:33+00:00,azure,eastus,,Standard_NC72lds_xl_RTXPRO6000BSE_v6,rtx_pro_6000,96,spot,1.06297,,,azure:retail-prices
2026-09-17T21:01:33+00:00,azure,eastus,,Standard_NC128ds_xl_RTXPRO6000BSE_v6,rtx_pro_6000,96,ondemand,6.38,,,azure:retail-prices
2026-09-17T21:01:33+00:00,azure,eastus,,Standard_NC320lds_xl_RTXPRO6000BSE_v6,rtx_pro_6000,96,ondemand,29.02,,,azure:retail-prices
2026-09-17T21:01:33+00:00,azure,eastus,,Standard_NC144lds_xl_RTXPRO6000BSE_v6,rtx_pro_6000,96,spot,2.240515,,,azure:retail-prices
2026-09-17T21:01:33+00:00,azure,eastus,,Standard_NC132lds_xl_RTXPRO6000BSE_v6,rtx_pro_6000,96,ondemand,5.5,,,azure:retail-prices
2026-09-17T21:01:33+00:00,azure,eastus,,Standard_NC132lds_xl_RTXPRO6000BSE_v6,rtx_pro_6000,96,commit1y,3.519977168949772,8760,All Upfront,azure:retail-prices
2026-09-17T21:01:33+00:00,azure,eastus,,Standard_NC132lds_xl_RTXPRO6000BSE_v6,rtx_pro_6000,96,commit3y,2.420015220700152,26280,All Upfront,azure:retail-prices
2026-09-17T21:01:33+00:00,azure,eastus,,Standard_NC128lds_xl_RTXPRO6000BSE_v6,rtx_pro_6000,96,spot,2.104502,,,azure:retail-prices
2026-09-17T21:01:33+00:00,azure,eastus,,Standard_NC36ds_xl_RTXPRO6000BSE_v6,rtx_pro_6000,96,ondemand,1.442,,,azure:retail-prices
2026-09-17T21:01:33+00:00,azure,eastus,,Standard_NC36ds_xl_RTXPRO6000BSE_v6,rtx_pro_6000,96,commit1y,0.9228310502283105,8760,All Upfront,azure:retail-prices
2026-09-17T21:01:33+00:00,azure,eastus,,Standard_NC36ds_xl_RTXPRO6000BSE_v6,rtx_pro_6000,96,commit3y,0.6344368340943684,26280,All Upfront,azure:retail-prices
2026-09-17T21:01:33+00:00,azure,eastus,,Standard_NC288ds_xl_RTXPRO6000BSE_v6,rtx_pro_6000,96,ondemand,11.0,,,azure:retail-prices
2026-09-17T21:01:33+00:00,azure,eastus,,Standard_NC288ds_xl_RTXPRO6000BSE_v6,rtx_pro_6000,96,commit1y,7.039954337899544,8760,All Upfront,azure:retail-prices
2026-09-17T21:01:33+00:00,azure,eastus,,Standard_NC288ds_xl_RTXPRO6000BSE_v6,rtx_pro_6000,96,commit3y,4.8399923896499235,26280,All Upfront,azure:retail-prices
2026-09-17T21:01:33+00:00,azure,eastus,,Standard_NC320lds_xl_RTXPRO6000BSE_v6,rtx_pro_6000,96,ondemand,14.3,,,azure:retail-prices
2026-09-17T21:01:33+00:00,azure,eastus,,Standard_NC72ds_xl_RTXPRO6000BSE_v6,rtx_pro_6000,96,ondemand,2.83,,,azure:retail-prices
2026-09-17T21:01:33+00:00,azure,eastus,,Standard_NC72ds_xl_RTXPRO6000BSE_v6,rtx_pro_6000,96,commit1y,1.8114155251141553,8760,All Upfront,azure:retail-prices
2026-09-17T21:01:33+00:00,azure,eastus,,Standard_NC72ds_xl_RTXPRO6000BSE_v6,rtx_pro_6000,96,commit3y,1.245357686453577,26280,All Upfront,azure:retail-prices
2026-09-17T21:01:33+00:00,azure,eastus,,Standard_NC128lds_xl_RTXPRO6000BSE_v6,rtx_pro_6000,96,spot,1.0164,,,azure:retail-prices
2026-09-17T21:01:33+00:00,azure,eastus,,Standard_NC256ds_xl_RTXPRO6000BSE_v6,rtx_pro_6000,96,ondemand,12.76,,,azure:retail-prices
2026-09-17T21:01:33+00:00,azure,eastus,,Standard_NC32lds_xl_RTXPRO6000BSE_v6,rtx_pro_6000,96,ondemand,1.243,,,azure:retail-prices
2026-09-17T21:01:33+00:00,azure,eastus,,Standard_NC72lds_xl_RTXPRO6000BSE_v6,rtx_pro_6000,96,ondemand,5.752,,,azure:retail-prices
2026-09-17T21:01:33+00:00,azure,eastus,,Standard_NC324lds_xl_RTXPRO6000BSE_v6,rtx_pro_6000,96,ondemand,14.3,,,azure:retail-prices
2026-09-17T21:01:33+00:00,azure,eastus,,Standard_NC324lds_xl_RTXPRO6000BSE_v6,rtx_pro_6000,96,commit1y,9.152054794520549,8760,All Upfront,azure:retail-prices
2026-09-17T21:01:33+00:00,azure,eastus,,Standard_NC324lds_xl_RTXPRO6000BSE_v6,rtx_pro_6000,96,commit3y,6.292009132420091,26280,All Upfront,azure:retail-prices
2026-09-17T21:01:33+00:00,azure,eastus,,Standard_NC264ds_xl_RTXPRO6000BSE_v6,rtx_pro_6000,96,ondemand,12.76,,,azure:retail-prices
2026-09-17T21:01:33+00:00,azure,eastus,,Standard_NC264ds_xl_RTXPRO6000BSE_v6,rtx_pro_6000,96,commit1y,8.166438356164383,8760,All Upfront,azure:retail-prices
2026-09-17T21:01:33+00:00,azure,eastus,,Standard_NC264ds_xl_RTXPRO6000BSE_v6,rtx_pro_6000,96,commit3y,5.614383561643836,26280,All Upfront,azure:retail-prices
2026-09-17T21:01:33+00:00,azure,eastus,,Standard_NC132ds_xl_RTXPRO6000BSE_v6,rtx_pro_6000,96,spot,1.179024,,,azure:retail-prices
2026-09-17T21:01:33+00:00,azure,eastus,,Standard_NC132lds_xl_RTXPRO6000BSE_v6,rtx_pro_6000,96,spot,1.0164,,,azure:retail-prices
2026-09-17T21:01:33+00:00,azure,eastus,,Standard_NC64lds_xl_RTXPRO6000BSE_v6,rtx_pro_6000,96,spot,0.488,,,azure:retail-prices
2026-09-17T21:01:33+00:00,azure,eastus,,Standard_NC144lds_xl_RTXPRO6000BSE_v6,rtx_pro_6000,96,ondemand,12.124,,,azure:retail-prices
2026-09-17T21:01:33+00:00,azure,eastus,,Standard_NC64lds_xl_RTXPRO6000BSE_v6,rtx_pro_6000,96,spot,1.0768,,,azure:retail-prices
2026-09-17T21:01:33+00:00,azure,eastus,,Standard_NC132ds_xl_RTXPRO6000BSE_v6,rtx_pro_6000,96,ondemand,6.38,,,azure:retail-prices
2026-09-17T21:01:33+00:00,azure,eastus,,Standard_NC132ds_xl_RTXPRO6000BSE_v6,rtx_pro_6000,96,commit1y,4.083219178082191,8760,All Upfront,azure:retail-prices
2026-09-17T21:01:33+00:00,azure,eastus,,Standard_NC132ds_xl_RTXPRO6000BSE_v6,rtx_pro_6000,96,commit3y,2.807191780821918,26280,All Upfront,azure:retail-prices
2026-09-17T21:01:33+00:00,azure,eastus2,,Standard_ND96isr_H100_v5,h100,80,ondemand,41.094,,,azure:retail-prices
2026-09-17T21:01:33+00:00,azure,eastus2,,Standard_ND96is_H100_v5,h100,80,ondemand,17.698,,,azure:retail-prices
2026-09-17T21:01:33+00:00,azure,eastus2,,Standard_ND96is_H100_v5,h100,80,spot,17.168659,,,azure:retail-prices
2026-09-17T21:01:33+00:00,azure,eastus2,,Standard_ND96is_H100_v5,h100,80,ondemand,37.162,,,azure:retail-prices
2026-09-17T21:01:33+00:00,azure,eastus2,,Standard_ND96isr_H100_v5,h100,80,spot,18.985613,,,azure:retail-prices
2026-09-17T21:01:33+00:00,azure,eastus2,,Standard_ND96isr_H100_v5,h100,80,ondemand,19.664,,,azure:retail-prices
2026-09-17T21:01:33+00:00,azure,eastus2,,Standard_ND96is_H100_v5,h100,80,ondemand,88.488,,,azure:retail-prices
2026-09-17T21:01:33+00:00,azure,eastus2,,Standard_ND96is_H100_v5,h100,80,commit1y,56.63230593607306,8760,All Upfront,azure:retail-prices
2026-09-17T21:01:33+00:00,azure,eastus2,,Standard_ND96is_H100_v5,h100,80,commit3y,38.84623287671233,26280,All Upfront,azure:retail-prices
2026-09-17T21:01:33+00:00,azure,eastus2,,Standard_ND96isr_H100_v5,h100,80,ondemand,98.32,,,azure:retail-prices
2026-09-17T21:01:33+00:00,azure,eastus2,,Standard_ND96isr_H100_v5,h100,80,commit1y,62.92477168949772,8760,All Upfront,azure:retail-prices
2026-09-17T21:01:33+00:00,azure,eastus2,,Standard_ND96isr_H100_v5,h100,80,commit3y,43.16248097412481,26280,All Upfront,azure:retail-prices
2026-09-17T21:01:33+00:00,azure,eastus2,,Standard_ND96isr_H100_v5,h100,80,ondemand,102.736,,,azure:retail-prices
2026-09-17T21:01:33+00:00,azure,eastus2,,Standard_ND96isr_H100_v5,h100,80,spot,18.169536,,,azure:retail-prices
2026-09-17T21:01:33+00:00,azure,eastus2,,Standard_ND96is_H100_v5,h100,80,ondemand,92.904,,,azure:retail-prices
2026-09-17T21:01:33+00:00,azure,eastus2,,Standard_ND96is_H100_v5,h100,80,spot,16.352582,,,azure:retail-prices
2026-09-17T21:01:33+00:00,azure,eastus2,,Standard_ND96isr_H200_v5,h200,141,ondemand,89.216,,,azure:retail-prices
2026-09-17T21:01:33+00:00,azure,eastus2,,Standard_ND96isr_H200_v5,h200,141,ondemand,16.96,,,azure:retail-prices
2026-09-17T21:01:33+00:00,azure,eastus2,,Standard_ND96isr_H200_v5,h200,141,ondemand,84.8,,,azure:retail-prices
2026-09-17T21:01:33+00:00,azure,eastus2,,Standard_ND96isr_H200_v5,h200,141,commit1y,46.521232876712325,8760,All Upfront,azure:retail-prices
2026-09-17T21:01:33+00:00,azure,eastus2,,Standard_ND96isr_H200_v5,h200,141,commit3y,42.221917808219175,26280,All Upfront,azure:retail-prices
2026-09-17T21:01:33+00:00,azure,eastus2,,Standard_ND96isr_H200_v5,h200,141,spot,89.216,,,azure:retail-prices
2026-09-17T21:01:33+00:00,azure,eastus2,,Standard_ND96isr_H200_v5,h200,141,spot,84.8,,,azure:retail-prices
2026-09-17T21:01:33+00:00,azure,eastus2,,Standard_ND96isr_H200_v5,h200,141,ondemand,35.686,,,azure:retail-prices
2026-09-17T21:01:33+00:00,azure,eastus2,,Standard_NC320lds_xl_RTXPRO6000BSE_v6,rtx_pro_6000,96,spot,2.64264,,,azure:retail-prices
2026-09-17T21:01:33+00:00,azure,eastus2,,Standard_NC64lds_xl_RTXPRO6000BSE_v6,rtx_pro_6000,96,ondemand,5.384,,,azure:retail-prices
2026-09-17T21:01:33+00:00,azure,eastus2,,Standard_NC64ds_xl_RTXPRO6000BSE_v6,rtx_pro_6000,96,spot,0.566,,,azure:retail-prices
2026-09-17T21:01:33+00:00,azure,eastus2,,Standard_NC264ds_xl_RTXPRO6000BSE_v6,rtx_pro_6000,96,ondemand,12.76,,,azure:retail-prices
2026-09-17T21:01:33+00:00,azure,eastus2,,Standard_NC264ds_xl_RTXPRO6000BSE_v6,rtx_pro_6000,96,commit1y,8.166438356164383,8760,All Upfront,azure:retail-prices
2026-09-17T21:01:33+00:00,azure,eastus2,,Standard_NC264ds_xl_RTXPRO6000BSE_v6,rtx_pro_6000,96,commit3y,5.614383561643836,26280,All Upfront,azure:retail-prices
2026-09-17T21:01:33+00:00,azure,eastus2,,Standard_NC72lds_xl_RTXPRO6000BSE_v6,rtx_pro_6000,96,spot,1.06297,,,azure:retail-prices
2026-09-17T21:01:33+00:00,azure,eastus2,,Standard_NC72ds_xl_RTXPRO6000BSE_v6,rtx_pro_6000,96,ondemand,6.142,,,azure:retail-prices
2026-09-17T21:01:33+00:00,azure,eastus2,,Standard_NC256lds_xl_RTXPRO6000BSE_v6,rtx_pro_6000,96,spot,2.0328,,,azure:retail-prices
2026-09-17T21:01:33+00:00,azure,eastus2,,Standard_NC324lds_xl_RTXPRO6000BSE_v6,rtx_pro_6000,96,ondemand,14.3,,,azure:retail-prices
2026-09-17T21:01:33+00:00,azure,eastus2,,Standard_NC324lds_xl_RTXPRO6000BSE_v6,rtx_pro_6000,96,commit1y,9.152054794520549,8760,All Upfront,azure:retail-prices
2026-09-17T21:01:33+00:00,azure,eastus2,,Standard_NC324lds_xl_RTXPRO6000BSE_v6,rtx_pro_6000,96,commit3y,6.292009132420091,26280,All Upfront,azure:retail-prices
2026-09-17T21:01:33+00:00,azure,eastus2,,Standard_NC256lds_xl_RTXPRO6000BSE_v6,rtx_pro_6000,96,ondemand,11.0,,,azure:retail-prices
2026-09-17T21:01:33+00:00,azure,eastus2,,Standard_NC72ds_xl_RTXPRO6000BSE_v6,rtx_pro_6000,96,spot,0.522984,,,azure:retail-prices
2026-09-17T21:01:33+00:00,azure,eastus2,,Standard_NC256ds_xl_RTXPRO6000BSE_v6,rtx_pro_6000,96,spot,4.534253,,,azure:retail-prices
2026-09-17T21:01:33+00:00,azure,eastus2,,Standard_NC320ds_xl_RTXPRO6000BSE_v6,rtx_pro_6000,96,ondemand,16.588,,,azure:retail-prices
2026-09-17T21:01:33+00:00,azure,eastus2,,Standard_NC264ds_xl_RTXPRO6000BSE_v6,rtx_pro_6000,96,ondemand,24.904,,,azure:retail-prices
2026-09-17T21:01:33+00:00,azure,eastus2,,Standard_NC128lds_xl_RTXPRO6000BSE_v6,rtx_pro_6000,96,ondemand,11.388,,,azure:retail-prices
2026-09-17T21:01:33+00:00,azure,eastus2,,Standard_NC324ds_xl_RTXPRO6000BSE_v6,rtx_pro_6000,96,ondemand,31.492,,,azure:retail-prices
2026-09-17T21:01:33+00:00,azure,eastus2,,Standard_NC32lds_xl_RTXPRO6000BSE_v6,rtx_pro_6000,96,ondemand,2.715,,,azure:retail-prices
2026-09-17T21:01:33+00:00,azure,eastus2,,Standard_NC144lds_xl_RTXPRO6000BSE_v6,rtx_pro_6000,96,ondemand,5.5,,,azure:retail-prices
2026-09-17T21:01:33+00:00,azure,eastus2,,Standard_NC144lds_xl_RTXPRO6000BSE_v6,rtx_pro_6000,96,commit1y,3.519977168949772,8760,All Upfront,azure:retail-prices
2026-09-17T21:01:33+00:00,azure,eastus2,,Standard_NC144lds_xl_RTXPRO6000BSE_v6,rtx_pro_6000,96,commit3y,2.420015220700152,26280,All Upfront,azure:retail-prices
2026-09-17T21:01:33+00:00,azure,eastus2,,Standard_NC72lds_xl_RTXPRO6000BSE_v6,rtx_pro_6000,96,spot,0.450912,,,azure:retail-prices
2026-09-17T21:01:33+00:00,azure,eastus2,,Standard_NC288lds_xl_RTXPRO6000BSE_v6,rtx_pro_6000,96,spot,4.48103,,,azure:retail-prices
2026-09-17T21:01:33+00:00,azure,eastus2,,Standard_NC264lds_xl_RTXPRO6000BSE_v6,rtx_pro_6000,96,ondemand,23.144,,,azure:retail-prices
2026-09-17T21:01:33+00:00,azure,eastus2,,Standard_NC64ds_xl_RTXPRO6000BSE_v6,rtx_pro_6000,96,spot,1.1548,,,azure:retail-prices
2026-09-17T21:01:33+00:00,azure,eastus2,,Standard_NC320lds_xl_RTXPRO6000BSE_v6,rtx_pro_6000,96,spot,5.362896,,,azure:retail-prices
2026-09-17T21:01:33+00:00,azure,eastus2,,Standard_NC324lds_xl_RTXPRO6000BSE_v6,rtx_pro_6000,96,spot,5.396899,,,azure:retail-prices
2026-09-17T21:01:33+00:00,azure,eastus2,,Standard_NC36ds_xl_RTXPRO6000BSE_v6,rtx_pro_6000,96,spot,0.57251,,,azure:retail-prices
2026-09-17T21:01:33+00:00,azure,eastus2,,Standard_NC32ds_xl_RTXPRO6000BSE_v6,rtx_pro_6000,96,ondemand,2.914,,,azure:retail-prices
2026-09-17T21:01:33+00:00,azure,eastus2,,Standard_NC264ds_xl_RTXPRO6000BSE_v6,rtx_pro_6000,96,spot,4.602259,,,azure:retail-prices
2026-09-17T21:01:33+00:00,azure,eastus2,,Standard_NC32lds_xl_RTXPRO6000BSE_v6,rtx_pro_6000,96,spot,0.543,,,azure:retail-prices
2026-09-17T21:01:33+00:00,azure,eastus2,,Standard_NC36lds_xl_RTXPRO6000BSE_v6,rtx_pro_6000,96,ondemand,2.899,,,azure:retail-prices
2026-09-17T21:01:33+00:00,azure,eastus2,,Standard_NC288lds_xl_RTXPRO6000BSE_v6,rtx_pro_6000,96,ondemand,11.0,,,azure:retail-prices
2026-09-17T21:01:33+00:00,azure,eastus2,,Standard_NC288lds_xl_RTXPRO6000BSE_v6,rtx_pro_6000,96,commit1y,7.039954337899544,8760,All Upfront,azure:retail-prices
2026-09-17T21:01:33+00:00,azure,eastus2,,Standard_NC288lds_xl_RTXPRO6000BSE_v6,rtx_pro_6000,96,commit3y,4.8399923896499235,26280,All Upfront,azure:retail-prices
2026-09-17T21:01:33+00:00,azure,eastus2,,Standard_NC24lds_xl_RTXPRO6000BSE_v6,rtx_pro_6000,96,spot,0.208824,,,azure:retail-prices
2026-09-17T21:01:33+00:00,azure,eastus2,,Standard_NC64ds_xl_RTXPRO6000BSE_v6,rtx_pro_6000,96,ondemand,5.774,,,azure:retail-prices
2026-09-17T21:01:33+00:00,azure,eastus2,,Standard_NC72lds_xl_RTXPRO6000BSE_v6,rtx_pro_6000,96,ondemand,5.752,,,azure:retail-prices
2026-09-17T21:01:33+00:00,azure,eastus2,,Standard_NC288ds_xl_RTXPRO6000BSE_v6,rtx_pro_6000,96,ondemand,24.248,,,azure:retail-prices
2026-09-17T21:01:33+00:00,azure,eastus2,,Standard_NC144lds_xl_RTXPRO6000BSE_v6,rtx_pro_6000,96,spot,2.240515,,,azure:retail-prices
2026-09-17T21:01:33+00:00,azure,eastus2,,Standard_NC324ds_xl_RTXPRO6000BSE_v6,rtx_pro_6000,96,spot,3.065462,,,azure:retail-prices
2026-09-17T21:01:33+00:00,azure,eastus2,,Standard_NC72lds_xl_RTXPRO6000BSE_v6,rtx_pro_6000,96,ondemand,2.44,,,azure:retail-prices
2026-09-17T21:01:33+00:00,azure,eastus2,,Standard_NC72lds_xl_RTXPRO6000BSE_v6,rtx_pro_6000,96,commit1y,1.5616438356164384,8760,All Upfront,azure:retail-prices
2026-09-17T21:01:33+00:00,azure,eastus2,,Standard_NC72lds_xl_RTXPRO6000BSE_v6,rtx_pro_6000,96,commit3y,1.0735920852359209,26280,All Upfront,azure:retail-prices
2026-09-17T21:01:33+00:00,azure,eastus2,,Standard_NC132ds_xl_RTXPRO6000BSE_v6,rtx_pro_6000,96,ondemand,6.38,,,azure:retail-prices
2026-09-17T21:01:33+00:00,azure,eastus2,,Standard_NC132ds_xl_RTXPRO6000BSE_v6,rtx_pro_6000,96,commit1y,4.083219178082191,8760,All Upfront,azure:retail-prices
2026-09-17T21:01:33+00:00,azure,eastus2,,Standard_NC132ds_xl_RTXPRO6000BSE_v6,rtx_pro_6000,96,commit3y,2.807191780821918,26280,All Upfront,azure:retail-prices
2026-09-17T21:01:33+00:00,azure,eastus2,,Standard_NC8lds_xl_RTXPRO6000BSE_v6,rtx_pro_6000,96,ondemand,0.55,,,azure:retail-prices
2026-09-17T21:01:33+00:00,azure,eastus2,,Standard_NC36ds_xl_RTXPRO6000BSE_v6,rtx_pro_6000,96,spot,0.266482,,,azure:retail-prices
2026-09-17T21:01:33+00:00,azure,eastus2,,Standard_NC288ds_xl_RTXPRO6000BSE_v6,rtx_pro_6000,96,ondemand,11.0,,,azure:retail-prices
2026-09-17T21:01:33+00:00,azure,eastus2,,Standard_NC288ds_xl_RTXPRO6000BSE_v6,rtx_pro_6000,96,commit1y,7.039954337899544,8760,All Upfront,azure:retail-prices
2026-09-17T21:01:33+00:00,azure,eastus2,,Standard_NC288ds_xl_RTXPRO6000BSE_v6,rtx_pro_6000,96,commit3y,4.8399923896499235,26280,All Upfront,azure:retail-prices
2026-09-17T21:01:33+00:00,azure,eastus2,,Standard_NC288ds_xl_RTXPRO6000BSE_v6,rtx_pro_6000,96,spot,4.48103,,,azure:retail-prices
2026-09-17T21:01:33+00:00,azure,eastus2,,Standard_NC144ds_xl_RTXPRO6000BSE_v6,rtx_pro_6000,96,ondemand,13.004,,,azure:retail-prices
2026-09-17T21:01:33+00:00,azure,eastus2,,Standard_NC324lds_xl_RTXPRO6000BSE_v6,rtx_pro_6000,96,ondemand,29.204,,,azure:retail-prices
2026-09-17T21:01:33+00:00,azure,eastus2,,Standard_NC16lds_xl_RTXPRO6000BSE_v6,rtx_pro_6000,96,spot,0.3732,,,azure:retail-prices
2026-09-17T21:01:33+00:00,azure,eastus2,,Standard_NC320ds_xl_RTXPRO6000BSE_v6,rtx_pro_6000,96,ondemand,31.308,,,azure:retail-prices
2026-09-17T21:01:33+00:00,azure,eastus2,,Standard_NC32ds_xl_RTXPRO6000BSE_v6,rtx_pro_6000,96,spot,0.2884,,,azure:retail-prices
2026-09-17T21:01:33+00:00,azure,eastus2,,Standard_NC72ds_xl_RTXPRO6000BSE_v6,rtx_pro_6000,96,spot,1.135042,,,azure:retail-prices
2026-09-17T21:01:33+00:00,azure,eastus2,,Standard_NC132lds_xl_RTXPRO6000BSE_v6,rtx_pro_6000,96,ondemand,11.572,,,azure:retail-prices
2026-09-17T21:01:33+00:00,azure,eastus2,,Standard_NC16lds_xl_RTXPRO6000BSE_v6,rtx_pro_6000,96,ondemand,1.13,,,azure:retail-prices
2026-09-17T21:01:33+00:00,azure,eastus2,,Standard_NC132lds_xl_RTXPRO6000BSE_v6,rtx_pro_6000,96,ondemand,5.5,,,azure:retail-prices
2026-09-17T21:01:33+00:00,azure,eastus2,,Standard_NC132lds_xl_RTXPRO6000BSE_v6,rtx_pro_6000,96,commit1y,3.519977168949772,8760,All Upfront,azure:retail-prices
2026-09-17T21:01:33+00:00,azure,eastus2,,Standard_NC132lds_xl_RTXPRO6000BSE_v6,rtx_pro_6000,96,commit3y,2.420015220700152,26280,All Upfront,azure:retail-prices
2026-09-17T21:01:33+00:00,azure,eastus2,,Standard_NC288ds_xl_RTXPRO6000BSE_v6,rtx_pro_6000,96,spot,2.0328,,,azure:retail-prices
2026-09-17T21:01:33+00:00,azure,eastus2,,Standard_NC132ds_xl_RTXPRO6000BSE_v6,rtx_pro_6000,96,spot,1.179024,,,azure:retail-prices
2026-09-17T21:01:33+00:00,azure,eastus2,,Standard_NC16lds_xl_RTXPRO6000BSE_v6,rtx_pro_6000,96,spot,0.226,,,azure:retail-prices
2026-09-17T21:01:33+00:00,azure,eastus2,,Standard_NC288lds_xl_RTXPRO6000BSE_v6,rtx_pro_6000,96,ondemand,24.248,,,azure:retail-prices
2026-09-17T21:01:33+00:00,azure,eastus2,,Standard_NC64lds_xl_RTXPRO6000BSE_v6,rtx_pro_6000,96,spot,1.0768,,,azure:retail-prices
2026-09-17T21:01:33+00:00,azure,eastus2,,Standard_NC144ds_xl_RTXPRO6000BSE_v6,rtx_pro_6000,96,spot,1.179024,,,azure:retail-prices
2026-09-17T21:01:33+00:00,azure,eastus2,,Standard_NC132ds_xl_RTXPRO6000BSE_v6,rtx_pro_6000,96,spot,2.30113,,,azure:retail-prices
2026-09-17T21:01:33+00:00,azure,eastus2,,Standard_NC8lds_xl_RTXPRO6000BSE_v6,rtx_pro_6000,96,spot,0.1836,,,azure:retail-prices
2026-09-17T21:01:33+00:00,azure,eastus2,,Standard_NC256ds_xl_RTXPRO6000BSE_v6,rtx_pro_6000,96,ondemand,12.76,,,azure:retail-prices
2026-09-17T21:01:33+00:00,azure,eastus2,,Standard_NC16lds_xl_RTXPRO6000BSE_v6,rtx_pro_6000,96,ondemand,1.866,,,azure:retail-prices
2026-09-17T21:01:33+00:00,azure,eastus2,,Standard_NC320ds_xl_RTXPRO6000BSE_v6,rtx_pro_6000,96,spot,3.065462,,,azure:retail-prices
2026-09-17T21:01:33+00:00,azure,eastus2,,Standard_NC24lds_xl_RTXPRO6000BSE_v6,rtx_pro_6000,96,ondemand,1.13,,,azure:retail-prices
2026-09-17T21:01:33+00:00,azure,eastus2,,Standard_NC24lds_xl_RTXPRO6000BSE_v6,rtx_pro_6000,96,commit1y,0.7231735159817352,8760,All Upfront,azure:retail-prices
2026-09-17T21:01:33+00:00,azure,eastus2,,Standard_NC24lds_xl_RTXPRO6000BSE_v6,rtx_pro_6000,96,commit3y,0.4971841704718417,26280,All Upfront,azure:retail-prices
2026-09-17T21:01:33+00:00,azure,eastus2,,Standard_NC32ds_xl_RTXPRO6000BSE_v6,rtx_pro_6000,96,ondemand,1.442,,,azure:retail-prices
2026-09-17T21:01:33+00:00,azure,eastus2,,Standard_NC8lds_xl_RTXPRO6000BSE_v6,rtx_pro_6000,96,spot,0.11,,,azure:retail-prices
2026-09-17T21:01:33+00:00,azure,eastus2,,Standard_NC264lds_xl_RTXPRO6000BSE_v6,rtx_pro_6000,96,spot,4.277011,,,azure:retail-prices
2026-09-17T21:01:33+00:00,azure,eastus2,,Standard_NC8lds_xl_RTXPRO6000BSE_v6,rtx_pro_6000,96,ondemand,0.918,,,azure:retail-prices
2026-09-17T21:01:33+00:00,azure,eastus2,,Standard_NC72ds_xl_RTXPRO6000BSE_v6,rtx_pro_6000,96,ondemand,2.83,,,azure:retail-prices
2026-09-17T21:01:33+00:00,azure,eastus2,,Standard_NC72ds_xl_RTXPRO6000BSE_v6,rtx_pro_6000,96,commit1y,1.8114155251141553,8760,All Upfront,azure:retail-prices
2026-09-17T21:01:33+00:00,azure,eastus2,,Standard_NC72ds_xl_RTXPRO6000BSE_v6,rtx_pro_6000,96,commit3y,1.245357686453577,26280,All Upfront,azure:retail-prices
2026-09-17T21:01:33+00:00,azure,eastus2,,Standard_NC144lds_xl_RTXPRO6000BSE_v6,rtx_pro_6000,96,ondemand,12.124,,,azure:retail-prices
2026-09-17T21:01:33+00:00,azure,eastus2,,Standard_NC128ds_xl_RTXPRO6000BSE_v6,rtx_pro_6000,96,ondemand,12.268,,,azure:retail-prices
2026-09-17T21:01:33+00:00,azure,eastus2,,Standard_NC128lds_xl_RTXPRO6000BSE_v6,rtx_pro_6000,96,spot,1.0164,,,azure:retail-prices
2026-09-17T21:01:33+00:00,azure,eastus2,,Standard_NC36lds_xl_RTXPRO6000BSE_v6,rtx_pro_6000,96,spot,0.229706,,,azure:retail-prices
2026-09-17T21:01:33+00:00,azure,eastus2,,Standard_NC320lds_xl_RTXPRO6000BSE_v6,rtx_pro_6000,96,ondemand,14.3,,,azure:retail-prices
2026-09-17T21:01:33+00:00,azure,eastus2,,Standard_NC256lds_xl_RTXPRO6000BSE_v6,rtx_pro_6000,96,spot,4.209005,,,azure:retail-prices
2026-09-17T21:01:33+00:00,azure,eastus2,,Standard_NC128lds_xl_RTXPRO6000BSE_v6,rtx_pro_6000,96,spot,2.104502,,,azure:retail-prices
2026-09-17T21:01:33+00:00,azure,eastus2,,Standard_NC320lds_xl_RTXPRO6000BSE_v6,rtx_pro_6000,96,ondemand,29.02,,,azure:retail-prices
2026-09-17T21:01:33+00:00,azure,eastus2,,Standard_NC288lds_xl_RTXPRO6000BSE_v6,rtx_pro_6000,96,spot,2.0328,,,azure:retail-prices
2026-09-17T21:01:33+00:00,azure,eastus2,,Standard_NC264lds_xl_RTXPRO6000BSE_v6,rtx_pro_6000,96,spot,2.0328,,,azure:retail-prices
2026-09-17T21:01:33+00:00,azure,eastus2,,Standard_NC32ds_xl_RTXPRO6000BSE_v6,rtx_pro_6000,96,spot,0.5828,,,azure:retail-prices
2026-09-17T21:01:33+00:00,azure,eastus2,,Standard_NC324lds_xl_RTXPRO6000BSE_v6,rtx_pro_6000,96,spot,2.64264,,,azure:retail-prices
2026-09-17T21:01:33+00:00,azure,eastus2,,Standard_NC36lds_xl_RTXPRO6000BSE_v6,rtx_pro_6000,96,ondemand,1.243,,,azure:retail-prices
2026-09-17T21:01:33+00:00,azure,eastus2,,Standard_NC36lds_xl_RTXPRO6000BSE_v6,rtx_pro_6000,96,commit1y,0.7955479452054794,8760,All Upfront,azure:retail-prices
2026-09-17T21:01:33+00:00,azure,eastus2,,Standard_NC36lds_xl_RTXPRO6000BSE_v6,rtx_pro_6000,96,commit3y,0.5469178082191781,26280,All Upfront,azure:retail-prices
2026-09-17T21:01:33+00:00,azure,eastus2,,Standard_NC324ds_xl_RTXPRO6000BSE_v6,rtx_pro_6000,96,spot,5.819722,,,azure:retail-prices
2026-09-17T21:01:33+00:00,azure,eastus2,,Standard_NC128ds_xl_RTXPRO6000BSE_v6,rtx_pro_6000,96,ondemand,6.38,,,azure:retail-prices
2026-09-17T21:01:33+00:00,azure,eastus2,,Standard_NC144lds_xl_RTXPRO6000BSE_v6,rtx_pro_6000,96,spot,1.0164,,,azure:retail-prices
2026-09-17T21:01:33+00:00,azure,eastus2,,Standard_NC24lds_xl_RTXPRO6000BSE_v6,rtx_pro_6000,96,spot,0.412843,,,azure:retail-prices
2026-09-17T21:01:33+00:00,azure,eastus2,,Standard_NC64ds_xl_RTXPRO6000BSE_v6,rtx_pro_6000,96,ondemand,2.83,,,azure:retail-prices
2026-09-17T21:01:33+00:00,azure,eastus2,,Standard_NC128ds_xl_RTXPRO6000BSE_v6,rtx_pro_6000,96,spot,1.179024,,,azure:retail-prices
2026-09-17T21:01:33+00:00,azure,eastus2,,Standard_NC320ds_xl_RTXPRO6000BSE_v6,rtx_pro_6000,96,spot,5.785718,,,azure:retail-prices
2026-09-17T21:01:33+00:00,azure,eastus2,,Standard_NC264lds_xl_RTXPRO6000BSE_v6,rtx_pro_6000,96,ondemand,11.0,,,azure:retail-prices
2026-09-17T21:01:33+00:00,azure,eastus2,,Standard_NC264lds_xl_RTXPRO6000BSE_v6,rtx_pro_6000,96,commit1y,7.039954337899544,8760,All Upfront,azure:retail-prices
2026-09-17T21:01:33+00:00,azure,eastus2,,Standard_NC264lds_xl_RTXPRO6000BSE_v6,rtx_pro_6000,96,commit3y,4.8399923896499235,26280,All Upfront,azure:retail-prices
2026-09-17T21:01:33+00:00,azure,eastus2,,Standard_NC64lds_xl_RTXPRO6000BSE_v6,rtx_pro_6000,96,ondemand,2.44,,,azure:retail-prices
2026-09-17T21:01:33+00:00,azure,eastus2,,Standard_NC36ds_xl_RTXPRO6000BSE_v6,rtx_pro_6000,96,ondemand,1.442,,,azure:retail-prices
2026-09-17T21:01:33+00:00,azure,eastus2,,Standard_NC36ds_xl_RTXPRO6000BSE_v6,rtx_pro_6000,96,commit1y,0.9228310502283105,8760,All Upfront,azure:retail-prices
2026-09-17T21:01:33+00:00,azure,eastus2,,Standard_NC36ds_xl_RTXPRO6000BSE_v6,rtx_pro_6000,96,commit3y,0.6344368340943684,26280,All Upfront,azure:retail-prices
2026-09-17T21:01:33+00:00,azure,eastus2,,Standard_NC24lds_xl_RTXPRO6000BSE_v6,rtx_pro_6000,96,ondemand,2.234,,,azure:retail-prices
2026-09-17T21:01:33+00:00,azure,eastus2,,Standard_NC32lds_xl_RTXPRO6000BSE_v6,rtx_pro_6000,96,spot,0.2486,,,azure:retail-prices
2026-09-17T21:01:33+00:00,azure,eastus2,,Standard_NC132lds_xl_RTXPRO6000BSE_v6,rtx_pro_6000,96,spot,2.138506,,,azure:retail-prices
2026-09-17T21:01:33+00:00,azure,eastus2,,Standard_NC144ds_xl_RTXPRO6000BSE_v6,rtx_pro_6000,96,ondemand,6.38,,,azure:retail-prices
2026-09-17T21:01:33+00:00,azure,eastus2,,Standard_NC144ds_xl_RTXPRO6000BSE_v6,rtx_pro_6000,96,commit1y,4.083219178082191,8760,All Upfront,azure:retail-prices
2026-09-17T21:01:33+00:00,azure,eastus2,,Standard_NC144ds_xl_RTXPRO6000BSE_v6,rtx_pro_6000,96,commit3y,2.807191780821918,26280,All Upfront,azure:retail-prices
2026-09-17T21:01:33+00:00,azure,eastus2,,Standard_NC36lds_xl_RTXPRO6000BSE_v6,rtx_pro_6000,96,spot,0.535735,,,azure:retail-prices
2026-09-17T21:01:33+00:00,azure,eastus2,,Standard_NC256lds_xl_RTXPRO6000BSE_v6,rtx_pro_6000,96,ondemand,22.776,,,azure:retail-prices
2026-09-17T21:01:33+00:00,azure,eastus2,,Standard_NC144ds_xl_RTXPRO6000BSE_v6,rtx_pro_6000,96,spot,2.403139,,,azure:retail-prices
2026-09-17T21:01:33+00:00,azure,eastus2,,Standard_NC256ds_xl_RTXPRO6000BSE_v6,rtx_pro_6000,96,ondemand,24.536,,,azure:retail-prices
2026-09-17T21:01:33+00:00,azure,eastus2,,Standard_NC132ds_xl_RTXPRO6000BSE_v6,rtx_pro_6000,96,ondemand,12.452,,,azure:retail-prices
2026-09-17T21:01:33+00:00,azure,eastus2,,Standard_NC32lds_xl_RTXPRO6000BSE_v6,rtx_pro_6000,96,ondemand,1.243,,,azure:retail-prices
2026-09-17T21:01:33+00:00,azure,eastus2,,Standard_NC128ds_xl_RTXPRO6000BSE_v6,rtx_pro_6000,96,spot,2.267126,,,azure:retail-prices
2026-09-17T21:01:33+00:00,azure,eastus2,,Standard_NC264ds_xl_RTXPRO6000BSE_v6,rtx_pro_6000,96,spot,2.358048,,,azure:retail-prices
2026-09-17T21:01:33+00:00,azure,eastus2,,Standard_NC256ds_xl_RTXPRO6000BSE_v6,rtx_pro_6000,96,spot,2.358048,,,azure:retail-prices
2026-09-17T21:01:33+00:00,azure,eastus2,,Standard_NC132lds_xl_RTXPRO6000BSE_v6,rtx_pro_6000,96,spot,1.0164,,,azure:retail-prices
2026-09-17T21:01:33+00:00,azure,eastus2,,Standard_NC324ds_xl_RTXPRO6000BSE_v6,rtx_pro_6000,96,ondemand,16.588,,,azure:retail-prices
2026-09-17T21:01:33+00:00,azure,eastus2,,Standard_NC324ds_xl_RTXPRO6000BSE_v6,rtx_pro_6000,96,commit1y,10.616324200913242,8760,All Upfront,azure:retail-prices
2026-09-17T21:01:33+00:00,azure,eastus2,,Standard_NC324ds_xl_RTXPRO6000BSE_v6,rtx_pro_6000,96,commit3y,7.298706240487062,26280,All Upfront,azure:retail-prices
2026-09-17T21:01:33+00:00,azure,eastus2,,Standard_NC36ds_xl_RTXPRO6000BSE_v6,rtx_pro_6000,96,ondemand,3.098,,,azure:retail-prices
2026-09-17T21:01:33+00:00,azure,eastus2,,Standard_NC128lds_xl_RTXPRO6000BSE_v6,rtx_pro_6000,96,ondemand,5.5,,,azure:retail-prices
2026-09-17T21:01:33+00:00,azure,eastus2,,Standard_NC64lds_xl_RTXPRO6000BSE_v6,rtx_pro_6000,96,spot,0.488,,,azure:retail-prices
2026-09-17T21:01:48+00:00,gcp,us-east4,,nvidia-h100,h100,80,ondemand,9.796551000000001,,,gcp:billing-catalog|0B85-B65B-0812|Nvidia H100 80GB GPU running in Virginia
2026-09-17T21:01:48+00:00,gcp,us-west1,,nvidia-b200,b200,180,ondemand,11.277,,,gcp:billing-catalog|0EFA-3A56-0BFC|DWS Calendar Mode A4 Nvidia B200 (1 gpu slice) in Americas
2026-09-17T21:01:48+00:00,gcp,us-central1,,nvidia-b200,b200,180,ondemand,11.277,,,gcp:billing-catalog|0EFA-3A56-0BFC|DWS Calendar Mode A4 Nvidia B200 (1 gpu slice) in Americas
2026-09-17T21:01:48+00:00,gcp,us-east4,,nvidia-l4,l4,24,ondemand,0.55820646,,,gcp:billing-catalog|1D4C-3419-0297|Nvidia L4 GPU running in Virginia
2026-09-17T21:01:48+00:00,gcp,us-west1,,nvidia-b200,b200,180,commit1y,11.1159,,,gcp:billing-catalog|1DBB-13D9-B0DE|Commitment v1: A4 Nvidia B200 (1 gpu slice) in Americas for 
2026-09-17T21:01:48+00:00,gcp,us-central1,,nvidia-b200,b200,180,commit1y,11.1159,,,gcp:billing-catalog|1DBB-13D9-B0DE|Commitment v1: A4 Nvidia B200 (1 gpu slice) in Americas for 
2026-09-17T21:01:48+00:00,gcp,us-central1,,nvidia-h100,h100,80,commit3y,4.2998985659999995,,,gcp:billing-catalog|2C3A-BAB7-8C82|Commitment v1: Nvidia H100 80GB GPU running in Americas for 
2026-09-17T21:01:48+00:00,gcp,us-west1,,nvidia-h100,h100,80,commit3y,4.2998985659999995,,,gcp:billing-catalog|2C3A-BAB7-8C82|Commitment v1: Nvidia H100 80GB GPU running in Americas for 
2026-09-17T21:01:48+00:00,gcp,us-west1,,nvidia-b200,b200,180,ondemand,16.11,,,gcp:billing-catalog|3000-4751-0A45|A4 Nvidia B200 (1 gpu slice) running in Americas
2026-09-17T21:01:48+00:00,gcp,us-central1,,nvidia-b200,b200,180,ondemand,16.11,,,gcp:billing-catalog|3000-4751-0A45|A4 Nvidia B200 (1 gpu slice) running in Americas
2026-09-17T21:01:48+00:00,gcp,us-central1,,nvidia-h100,h100,80,commit1y,6.79880857,,,gcp:billing-catalog|302A-B1A1-06DD|Commitment v1: Nvidia H100 80GB GPU running in Americas for 
2026-09-17T21:01:48+00:00,gcp,us-west1,,nvidia-h100,h100,80,commit1y,6.79880857,,,gcp:billing-catalog|302A-B1A1-06DD|Commitment v1: Nvidia H100 80GB GPU running in Americas for 
2026-09-17T21:01:48+00:00,gcp,us-central1,,nvidia-h100,h100,80,ondemand,4.200761,,,gcp:billing-catalog|341A-49A5-0C07|Nvidia H100 80GB GPU attached to DWS Defined Duration VMs ru
2026-09-17T21:01:48+00:00,gcp,us-west1,,nvidia-h100,h100,80,ondemand,4.200761,,,gcp:billing-catalog|341A-49A5-0C07|Nvidia H100 80GB GPU attached to DWS Defined Duration VMs ru
2026-09-17T21:01:48+00:00,gcp,us-east4,,nvidia-b200,b200,180,spot,4.0758,,,gcp:billing-catalog|3674-3FF9-A854|Spot Preemptible A4 Nvidia B200 (1 gpu slice) running in Nor
2026-09-17T21:01:48+00:00,gcp,us-east4,,nvidia-h100,h100,80,commit1y,7.113593,,,gcp:billing-catalog|39C0-7B74-69DC|Commitment v1: Nvidia H100 80GB Mega GPU running in Virginia
2026-09-17T21:01:48+00:00,gcp,us-east4,,nvidia-h100,h100,80,commit3y,4.299899,,,gcp:billing-catalog|4004-03BA-9F82|Commitment v1: Nvidia H100 80GB GPU running in Virginia for 
2026-09-17T21:01:48+00:00,gcp,us-east4,,nvidia-h100,h100,80,ondemand,4.570090841,,,gcp:billing-catalog|4197-CA3F-6919|Reserved Nvidia H100 80GB GPU in Virginia in Calendar Mode
2026-09-17T21:01:48+00:00,gcp,us-west1,,nvidia-h200,h200,141,ondemand,6.474452822,,,gcp:billing-catalog|42EB-4CE5-9EDF|Reserved H200 141GB GPU in Americas in Calendar Mode
2026-09-17T21:01:48+00:00,gcp,us-central1,,nvidia-h200,h200,141,ondemand,6.474452822,,,gcp:billing-catalog|42EB-4CE5-9EDF|Reserved H200 141GB GPU in Americas in Calendar Mode
2026-09-17T21:01:48+00:00,gcp,us-west1,,nvidia-h200,h200,141,ondemand,9.31174,,,gcp:billing-catalog|455B-5067-C961|H200 141GB GPU running in Americas
2026-09-17T21:01:48+00:00,gcp,us-central1,,nvidia-h200,h200,141,ondemand,9.31174,,,gcp:billing-catalog|455B-5067-C961|H200 141GB GPU running in Americas
2026-09-17T21:01:48+00:00,gcp,us-east4,,nvidia-h100,h100,80,ondemand,10.34428,,,gcp:billing-catalog|466C-1797-4CE1|Nvidia H100 80GB Mega GPU running in Virginia
2026-09-17T21:01:48+00:00,gcp,us-east4,,nvidia-h100,h100,80,spot,3.3143000000000002,,,gcp:billing-catalog|46CF-72FB-88FD|Nvidia H100 80GB Mega GPU attached to Spot Preemptible VMs r
2026-09-17T21:01:48+00:00,gcp,us-east4,,nvidia-h200,h200,141,ondemand,9.31174,,,gcp:billing-catalog|4B50-C79C-9114|H200 141GB GPU running in Northern Virginia
2026-09-17T21:01:48+00:00,gcp,us-east4,,nvidia-h100,h100,80,spot,5.5928,,,gcp:billing-catalog|5034-88A0-BA40|Nvidia H100 80GB GPU attached to Spot Preemptible VMs runnin
2026-09-17T21:01:48+00:00,gcp,us-west1,,nvidia-b200,b200,180,commit3y,7.0884,,,gcp:billing-catalog|50E4-2D4A-7538|Commitment v1: A4 Nvidia B200 (1 gpu slice) in Americas for 
2026-09-17T21:01:48+00:00,gcp,us-central1,,nvidia-b200,b200,180,commit3y,7.0884,,,gcp:billing-catalog|50E4-2D4A-7538|Commitment v1: A4 Nvidia B200 (1 gpu slice) in Americas for 
2026-09-17T21:01:48+00:00,gcp,us-central1,,nvidia-h100,h100,80,commit3y,4.498983869,,,gcp:billing-catalog|5F45-2ADE-3091|Commitment v1: Nvidia H100 80GB Plus GPU running in Americas
2026-09-17T21:01:48+00:00,gcp,us-west1,,nvidia-h100,h100,80,commit3y,4.498983869,,,gcp:billing-catalog|5F45-2ADE-3091|Commitment v1: Nvidia H100 80GB Plus GPU running in Americas
2026-09-17T21:01:48+00:00,gcp,us-central1,,nvidia-l4,l4,24,commit3y,0.252018107,,,gcp:billing-catalog|60B2-2A10-9A50|Commitment v1: Nvidia L4 GPU running in Americas for 3 Years
2026-09-17T21:01:48+00:00,gcp,us-west1,,nvidia-l4,l4,24,commit3y,0.252018107,,,gcp:billing-catalog|60B2-2A10-9A50|Commitment v1: Nvidia L4 GPU running in Americas for 3 Years
2026-09-17T21:01:48+00:00,gcp,us-east4,,nvidia-h200,h200,141,spot,5.5715,,,gcp:billing-catalog|627D-B1DB-155F|H200 141GB GPU attached to Spot Preemptible VMs running in N
2026-09-17T21:01:48+00:00,gcp,us-west1,,nvidia-h200,h200,141,spot,5.586,,,gcp:billing-catalog|65B6-35B7-A1E7|H200 141GB GPU attached to Spot Preemptible VMs running in A
2026-09-17T21:01:48+00:00,gcp,us-central1,,nvidia-h200,h200,141,spot,5.586,,,gcp:billing-catalog|65B6-35B7-A1E7|H200 141GB GPU attached to Spot Preemptible VMs running in A
2026-09-17T21:01:48+00:00,gcp,us-central1,,nvidia-l4,l4,24,ondemand,0.560040239,,,gcp:billing-catalog|67E2-6600-34C2|Nvidia L4 GPU attached to DWS Defined Duration VMs running i
2026-09-17T21:01:48+00:00,gcp,us-west1,,nvidia-l4,l4,24,ondemand,0.560040239,,,gcp:billing-catalog|67E2-6600-34C2|Nvidia L4 GPU attached to DWS Defined Duration VMs running i
2026-09-17T21:01:48+00:00,gcp,us-east4,,nvidia-h200,h200,141,ondemand,6.474452822,,,gcp:billing-catalog|6A8A-3B29-8791|Reserved H200 141GB GPU in Northern Virginia in Calendar Mod
2026-09-17T21:01:48+00:00,gcp,us-central1,,nvidia-h100,h100,80,commit1y,7.113593407,,,gcp:billing-catalog|6CA6-FB4B-081C|Commitment v1: Nvidia H100 80GB Plus GPU running in Americas
2026-09-17T21:01:48+00:00,gcp,us-west1,,nvidia-h100,h100,80,commit1y,7.113593407,,,gcp:billing-catalog|6CA6-FB4B-081C|Commitment v1: Nvidia H100 80GB Plus GPU running in Americas
2026-09-17T21:01:48+00:00,gcp,us-west1,,nvidia-h200,h200,141,commit1y,6.43139,,,gcp:billing-catalog|759E-59C1-661D|Commitment v1: H200 141GB GPU running in Americas for 1 Year
2026-09-17T21:01:48+00:00,gcp,us-central1,,nvidia-h200,h200,141,commit1y,6.43139,,,gcp:billing-catalog|759E-59C1-661D|Commitment v1: H200 141GB GPU running in Americas for 1 Year
2026-09-17T21:01:48+00:00,gcp,us-central1,,nvidia-h100,h100,80,spot,5.8632,,,gcp:billing-catalog|7A6D-F74C-B0A3|Nvidia H100 80GB GPU attached to Spot Preemptible VMs runnin
2026-09-17T21:01:48+00:00,gcp,us-west1,,nvidia-h100,h100,80,spot,5.8632,,,gcp:billing-catalog|7A6D-F74C-B0A3|Nvidia H100 80GB GPU attached to Spot Preemptible VMs runnin
2026-09-17T21:01:48+00:00,gcp,us-central1,,nvidia-h100,h100,80,ondemand,10.344275712,,,gcp:billing-catalog|7CFD-81D6-E49C|Nvidia H100 80GB Plus GPU running in Americas
2026-09-17T21:01:48+00:00,gcp,us-west1,,nvidia-h100,h100,80,ondemand,10.344275712,,,gcp:billing-catalog|7CFD-81D6-E49C|Nvidia H100 80GB Plus GPU running in Americas
2026-09-17T21:01:48+00:00,gcp,us-west1,,nvidia-b200,b200,180,ondemand,4.9542,,,gcp:billing-catalog|816D-DB2C-4A30|Spot Preemptible A4 Nvidia B200 (1 gpu slice) running in Ame
2026-09-17T21:01:48+00:00,gcp,us-central1,,nvidia-b200,b200,180,ondemand,4.9542,,,gcp:billing-catalog|816D-DB2C-4A30|Spot Preemptible A4 Nvidia B200 (1 gpu slice) running in Ame
2026-09-17T21:01:48+00:00,gcp,us-central1,,nvidia-h100,h100,80,spot,6.1901,,,gcp:billing-catalog|8609-4BAD-F240|Nvidia H100 80GB Plus GPU attached to Spot Preemptible VMs r
2026-09-17T21:01:48+00:00,gcp,us-west1,,nvidia-h100,h100,80,spot,6.1901,,,gcp:billing-catalog|8609-4BAD-F240|Nvidia H100 80GB Plus GPU attached to Spot Preemptible VMs r
2026-09-17T21:01:48+00:00,gcp,us-east4,,nvidia-l4,l4,24,commit3y,0.25119292,,,gcp:billing-catalog|9729-5F05-D31D|Commitment v1: Nvidia L4 GPU running in Virginia for 3 Years
2026-09-17T21:01:48+00:00,gcp,us-central1,,nvidia-h100,h100,80,ondemand,4.841121033,,,gcp:billing-catalog|976A-D3D9-74CD|Reserved Nvidia H100 80GB Mega GPU in Americas in Calendar M
2026-09-17T21:01:48+00:00,gcp,us-west1,,nvidia-h100,h100,80,ondemand,4.841121033,,,gcp:billing-catalog|976A-D3D9-74CD|Reserved Nvidia H100 80GB Mega GPU in Americas in Calendar M
2026-09-17T21:01:48+00:00,gcp,us-east4,,nvidia-h100,h100,80,ondemand,4.200761,,,gcp:billing-catalog|97E4-7726-3B70|Nvidia H100 80GB GPU attached to DWS Defined Duration VMs ru
2026-09-17T21:01:48+00:00,gcp,us-east4,,nvidia-l4,l4,24,ondemand,0.5600402,,,gcp:billing-catalog|9F2F-CB34-0AB8|Nvidia L4 GPU attached to DWS Defined Duration VMs running i
2026-09-17T21:01:48+00:00,gcp,us-west1,,nvidia-b200,b200,180,ondemand,8.055,,,gcp:billing-catalog|A0AD-E652-D4F9|A4 Nvidia B200 (1 gpu slice) attached to DWS Defined Duratio
2026-09-17T21:01:48+00:00,gcp,us-central1,,nvidia-b200,b200,180,ondemand,8.055,,,gcp:billing-catalog|A0AD-E652-D4F9|A4 Nvidia B200 (1 gpu slice) attached to DWS Defined Duratio
2026-09-17T21:01:48+00:00,gcp,us-east4,,nvidia-h200,h200,141,ondemand,4.575323,,,gcp:billing-catalog|A6DE-50CF-EFB3|H200 141GB GPU attached to DWS Defined Duration VMs running 
2026-09-17T21:01:48+00:00,gcp,us-central1,,nvidia-l4,l4,24,ondemand,0.560040239,,,gcp:billing-catalog|A88A-5A60-E821|Nvidia L4 GPU running in Americas
2026-09-17T21:01:48+00:00,gcp,us-west1,,nvidia-l4,l4,24,ondemand,0.560040239,,,gcp:billing-catalog|A88A-5A60-E821|Nvidia L4 GPU running in Americas
2026-09-17T21:01:48+00:00,gcp,us-east4,,nvidia-b200,b200,180,ondemand,8.055,,,gcp:billing-catalog|ABF5-0B39-71B9|A4 Nvidia B200 (1 gpu slice) attached to DWS Defined Duratio
2026-09-17T21:01:48+00:00,gcp,us-east4,,nvidia-h100,h100,80,ondemand,4.423936,,,gcp:billing-catalog|AD05-5842-6527|Nvidia H100 Mega 80GB GPU attached to DWS Defined Duration V
2026-09-17T21:01:48+00:00,gcp,us-central1,,nvidia-h100,h100,80,ondemand,4.570090841,,,gcp:billing-catalog|AE60-7D45-1DF5|Reserved Nvidia H100 80GB GPU in Americas in Calendar Mode
2026-09-17T21:01:48+00:00,gcp,us-west1,,nvidia-h100,h100,80,ondemand,4.570090841,,,gcp:billing-catalog|AE60-7D45-1DF5|Reserved Nvidia H100 80GB GPU in Americas in Calendar Mode
2026-09-17T21:01:48+00:00,gcp,us-central1,,nvidia-l4,l4,24,spot,0.336,,,gcp:billing-catalog|AEC2-3D5C-61BF|Nvidia L4 GPU attached to Spot Preemptible VMs running in Am
2026-09-17T21:01:48+00:00,gcp,us-west1,,nvidia-l4,l4,24,spot,0.336,,,gcp:billing-catalog|AEC2-3D5C-61BF|Nvidia L4 GPU attached to Spot Preemptible VMs running in Am
2026-09-17T21:01:48+00:00,gcp,us-west1,,nvidia-h200,h200,141,commit3y,4.08301,,,gcp:billing-catalog|B321-0285-A739|Commitment v1: H200 141GB GPU running in Americas for 3 Year
2026-09-17T21:01:48+00:00,gcp,us-central1,,nvidia-h200,h200,141,commit3y,4.08301,,,gcp:billing-catalog|B321-0285-A739|Commitment v1: H200 141GB GPU running in Americas for 3 Year
2026-09-17T21:01:48+00:00,gcp,us-east4,,nvidia-b200,b200,180,ondemand,11.277,,,gcp:billing-catalog|BB06-A438-701B|DWS Calendar Mode A4 Nvidia B200 (1 gpu slice) in Northern V
2026-09-17T21:01:48+00:00,gcp,us-east4,,nvidia-h200,h200,141,commit1y,6.43139,,,gcp:billing-catalog|BE46-E204-B75B|Commitment v1: H200 141GB GPU running in Northern Virginia f
2026-09-17T21:01:48+00:00,gcp,us-east4,,nvidia-h100,h100,80,ondemand,4.841121033,,,gcp:billing-catalog|BEA1-4A06-4899|Reserved Nvidia H100 80GB Mega GPU in Virginia in Calendar M
2026-09-17T21:01:48+00:00,gcp,us-central1,,nvidia-l4,l4,24,commit1y,0.35282535,,,gcp:billing-catalog|BEFB-F03D-B770|Commitment v1: Nvidia L4 GPU running in Americas for 1 Year
2026-09-17T21:01:48+00:00,gcp,us-west1,,nvidia-l4,l4,24,commit1y,0.35282535,,,gcp:billing-catalog|BEFB-F03D-B770|Commitment v1: Nvidia L4 GPU running in Americas for 1 Year
2026-09-17T21:01:48+00:00,gcp,us-east4,,nvidia-h200,h200,141,commit3y,4.08301,,,gcp:billing-catalog|C471-9C8F-181B|Commitment v1: H200 141GB GPU running in Northern Virginia f
2026-09-17T21:01:48+00:00,gcp,us-central1,,nvidia-h100,h100,80,ondemand,4.423936,,,gcp:billing-catalog|C564-6E87-E1B8|Nvidia H100 Mega 80GB GPU attached to DWS Defined Duration V
2026-09-17T21:01:48+00:00,gcp,us-west1,,nvidia-h100,h100,80,ondemand,4.423936,,,gcp:billing-catalog|C564-6E87-E1B8|Nvidia H100 Mega 80GB GPU attached to DWS Defined Duration V
2026-09-17T21:01:48+00:00,gcp,us-east4,,nvidia-h100,h100,80,commit3y,4.498984,,,gcp:billing-catalog|CF2B-5A58-0C9B|Commitment v1: Nvidia H100 80GB Mega GPU running in Virginia
2026-09-17T21:01:48+00:00,gcp,us-central1,,nvidia-h100,h100,80,ondemand,9.796550569,,,gcp:billing-catalog|D4E2-451A-15B9|Nvidia H100 80GB GPU running in Americas
2026-09-17T21:01:48+00:00,gcp,us-west1,,nvidia-h100,h100,80,ondemand,9.796550569,,,gcp:billing-catalog|D4E2-451A-15B9|Nvidia H100 80GB GPU running in Americas
2026-09-17T21:01:48+00:00,gcp,us-east4,,nvidia-l4,l4,24,commit1y,0.351670088,,,gcp:billing-catalog|E4C7-A7C0-6316|Commitment v1: Nvidia L4 GPU running in Virginia for 1 Year
2026-09-17T21:01:48+00:00,gcp,us-east4,,nvidia-l4,l4,24,spot,0.2978,,,gcp:billing-catalog|E548-B46D-71CD|Nvidia L4 GPU attached to Spot Preemptible VMs running in Vi
2026-09-17T21:01:48+00:00,gcp,us-east4,,nvidia-h100,h100,80,commit1y,6.798809,,,gcp:billing-catalog|F428-34E7-9E4E|Commitment v1: Nvidia H100 80GB GPU running in Virginia for 
2026-09-17T21:01:48+00:00,gcp,us-west1,,nvidia-h200,h200,141,ondemand,4.575323,,,gcp:billing-catalog|FF22-9A89-69C1|H200 141GB GPU attached to DWS Defined Duration VMs running 
2026-09-17T21:01:48+00:00,gcp,us-central1,,nvidia-h200,h200,141,ondemand,4.575323,,,gcp:billing-catalog|FF22-9A89-69C1|H200 141GB GPU attached to DWS Defined Duration VMs running 
